code	date	type	gender	0 to 14	0 to 59	15 to 19	20 to 24	25 to 44	45 to 64	60+	65 to 74	75 to 84	85+
S92000003	2020-10-11	TotalPositive	Female	623	15779	2070	1988	5854	6428	6050	1183	1635	2048
S92000003	2020-10-11	TotalDeaths	Female	0	51	0	0	7	74	1160	144	366	620
S92000003	2020-10-11	TotalNegative	Female	55125	352385	20843	36280	144230	119356	103205	29648	27778	22330
S92000003	2020-10-11	TotalPositive	Male	605	12097	1636	1753	4273	4809	4927	1461	1503	984
S92000003	2020-10-11	TotalDeaths	Male	0	80	0	0	11	132	1259	262	509	425
S92000003	2020-10-11	TotalNegative	Male	64066	272141	17643	26105	101660	79828	81301	29009	23570	11561
S92000003	2020-10-12	TotalPositive	Female	650	16206	2129	2045	6024	6568	6148	1215	1656	2067
S92000003	2020-10-12	TotalDeaths	Female	0	51	0	0	7	74	1160	144	366	620
S92000003	2020-10-12	TotalNegative	Female	55377	354449	21029	36556	145101	119953	103640	29793	27897	22383
S92000003	2020-10-12	TotalPositive	Male	635	12459	1670	1798	4411	4953	5001	1494	1511	988
S92000003	2020-10-12	TotalDeaths	Male	0	80	0	0	11	132	1259	262	509	425
S92000003	2020-10-12	TotalNegative	Male	64372	273908	17787	26347	102366	80297	81682	29157	23665	11599
S92000003	2020-10-13	TotalPositive	Female	681	16789	2209	2130	6238	6781	6275	1265	1684	2076
S92000003	2020-10-13	TotalDeaths	Female	0	52	0	0	7	75	1162	145	367	620
S92000003	2020-10-13	TotalNegative	Female	55712	357235	21241	36937	146259	120824	104234	30015	28034	22447
S92000003	2020-10-13	TotalPositive	Male	661	12926	1706	1874	4580	5154	5121	1539	1538	995
S92000003	2020-10-13	TotalDeaths	Male	0	81	0	0	11	133	1262	262	511	426
S92000003	2020-10-13	TotalNegative	Male	64800	276311	17959	26642	103381	80925	82136	29340	23768	11632
S92000003	2020-10-14	TotalPositive	Female	727	17431	2295	2233	6470	6995	6381	1307	1701	2084
S92000003	2020-10-14	TotalDeaths	Female	0	53	0	0	7	76	1168	148	369	621
S92000003	2020-10-14	TotalNegative	Female	56103	360531	21492	37431	147585	121862	104922	30264	28183	22533
S92000003	2020-10-14	TotalPositive	Male	700	13486	1753	1980	4779	5366	5242	1588	1563	999
S92000003	2020-10-14	TotalDeaths	Male	0	82	0	0	11	134	1269	263	514	429
S92000003	2020-10-14	TotalNegative	Male	65260	279070	18151	26988	104565	81661	82655	29542	23889	11669
S92000003	2020-10-15	TotalPositive	Female	764	18009	2388	2295	6672	7221	6512	1360	1726	2095
S92000003	2020-10-15	TotalDeaths	Female	0	53	0	0	7	76	1172	149	371	622
S92000003	2020-10-15	TotalNegative	Female	56455	363253	21724	37785	148671	122730	105587	30472	28354	22649
S92000003	2020-10-15	TotalPositive	Male	732	14004	1806	2062	4970	5567	5365	1639	1586	1007
S92000003	2020-10-15	TotalDeaths	Male	0	82	0	0	11	135	1278	263	520	431
S92000003	2020-10-15	TotalNegative	Male	65657	281422	18314	27295	105525	82329	83209	29741	24041	11729
S92000003	2020-10-16	TotalPositive	Female	788	18520	2431	2371	6868	7431	6636	1388	1756	2123
S92000003	2020-10-16	TotalDeaths	Female	0	53	0	0	7	76	1177	149	373	625
S92000003	2020-10-16	TotalNegative	Female	56803	365867	21929	38116	149720	123578	106117	30655	28468	22715
S92000003	2020-10-16	TotalPositive	Male	760	14452	1850	2123	5143	5745	5477	1682	1608	1018
S92000003	2020-10-16	TotalDeaths	Male	0	83	0	0	12	135	1281	263	522	432
S92000003	2020-10-16	TotalNegative	Male	65992	283673	18460	27578	106483	83003	83673	29909	24149	11772
S92000003	2020-10-17	TotalPositive	Female	814	19027	2476	2434	7068	7644	6752	1421	1780	2142
S92000003	2020-10-17	TotalDeaths	Female	0	53	0	0	7	76	1183	150	374	629
S92000003	2020-10-17	TotalNegative	Female	57106	368240	22102	38433	150699	124326	106655	30823	28608	22798
S92000003	2020-10-17	TotalPositive	Male	796	14879	1889	2175	5288	5940	5595	1728	1631	1027
S92000003	2020-10-17	TotalDeaths	Male	0	84	0	0	12	136	1289	264	528	433
S92000003	2020-10-17	TotalNegative	Male	66337	285771	18598	27841	107345	83627	84129	30078	24259	11815
S92000003	2020-10-18	TotalPositive	Female	819	19167	2487	2449	7130	7701	6804	1438	1796	2151
S92000003	2020-10-18	TotalDeaths	Female	0	53	0	0	7	76	1183	150	374	629
S92000003	2020-10-18	TotalNegative	Female	57180	369262	22167	38543	151137	124743	107094	30963	28751	22872
S92000003	2020-10-18	TotalPositive	Male	799	14958	1895	2184	5326	5969	5640	1742	1647	1036
S92000003	2020-10-18	TotalDeaths	Male	0	84	0	0	12	136	1289	264	528	433
S92000003	2020-10-18	TotalNegative	Male	66442	286467	18640	27909	107615	83896	84465	30213	24354	11863
S92000003	2020-10-19	TotalPositive	Female	855	19609	2525	2496	7308	7876	6909	1480	1820	2158
S92000003	2020-10-19	TotalDeaths	Female	0	53	0	0	7	76	1183	150	374	629
S92000003	2020-10-19	TotalNegative	Female	57434	371430	22336	38799	152048	125462	107610	31150	28868	22943
S92000003	2020-10-19	TotalPositive	Male	831	15317	1932	2226	5470	6100	5727	1783	1660	1042
S92000003	2020-10-19	TotalDeaths	Male	0	84	0	0	12	136	1290	264	529	433
S92000003	2020-10-19	TotalNegative	Male	66709	288189	18746	28119	108333	84432	84881	30371	24468	11892
S92000003	2020-10-20	TotalPositive	Female	905	20246	2572	2559	7572	8138	7051	1537	1851	2163
S92000003	2020-10-20	TotalDeaths	Female	0	53	0	0	7	77	1189	152	375	631
S92000003	2020-10-20	TotalNegative	Female	57799	374083	22500	39105	153177	126320	108194	31373	28994	23009
S92000003	2020-10-20	TotalPositive	Male	883	15860	1968	2283	5693	6319	5860	1827	1691	1056
S92000003	2020-10-20	TotalDeaths	Male	0	84	0	0	12	137	1299	264	533	437
S92000003	2020-10-20	TotalNegative	Male	67115	290320	18875	28324	109219	85076	85359	30572	24574	11924
S92000003	2020-10-21	TotalPositive	Female	959	21000	2637	2647	7879	8432	7247	1606	1897	2190
S92000003	2020-10-21	TotalDeaths	Female	0	54	0	0	7	78	1199	153	381	634
S92000003	2020-10-21	TotalNegative	Female	58214	377200	22712	39504	154483	127296	108856	31622	29146	23079
S92000003	2020-10-21	TotalPositive	Male	931	16490	2018	2359	5956	6561	6018	1887	1722	1074
S92000003	2020-10-21	TotalDeaths	Male	0	86	0	0	12	140	1314	267	540	441
S92000003	2020-10-21	TotalNegative	Male	67562	292977	19035	28659	110313	85866	85961	30837	24702	11964
S92000003	2020-10-24	TotalPositive	Female	1110	22919	2794	2868	8656	9183	7705	1755	1994	2264
S92000003	2020-10-24	TotalDeaths	Female	0	56	0	0	8	80	1215	153	389	641
S92000003	2020-10-24	TotalNegative	Female	59218	385229	23402	40532	157762	129820	110664	32221	29564	23374
S92000003	2020-10-24	TotalPositive	Male	1067	18241	2172	2580	6687	7201	6434	2040	1816	1112
S92000003	2020-10-24	TotalDeaths	Male	0	88	0	1	12	143	1340	277	549	446
S92000003	2020-10-24	TotalNegative	Male	68675	300061	19575	29521	113274	87915	87423	31392	25046	12086
S92000003	2020-10-25	TotalPositive	Female	1149	23522	2845	2944	8916	9400	7828	1793	2020	2283
S92000003	2020-10-25	TotalDeaths	Female	0	56	0	0	8	80	1216	153	390	641
S92000003	2020-10-25	TotalNegative	Female	59549	387706	23585	40838	158770	130628	111230	32412	29705	23449
S92000003	2020-10-25	TotalPositive	Male	1113	18707	2207	2637	6879	7371	6545	2080	1836	1129
S92000003	2020-10-25	TotalDeaths	Male	0	88	0	1	12	143	1340	277	549	446
S92000003	2020-10-25	TotalNegative	Male	69027	302083	19704	29749	114121	88508	87901	31587	25157	12131
S92000003	2020-10-26	TotalPositive	Female	1185	24013	2887	3009	9110	9589	7953	1830	2055	2301
S92000003	2020-10-26	TotalDeaths	Female	0	56	0	0	8	80	1216	153	390	641
S92000003	2020-10-26	TotalNegative	Female	59860	389926	23735	41111	159682	131342	111808	32629	29838	23537
S92000003	2020-10-26	TotalPositive	Male	1154	19104	2229	2687	7033	7535	6655	2118	1860	1143
S92000003	2020-10-26	TotalDeaths	Male	0	88	0	1	12	143	1341	277	550	446
S92000003	2020-10-26	TotalNegative	Male	69348	303848	19821	29940	114813	89074	88335	31743	25276	12168
S92000003	2020-10-27	TotalPositive	Female	1236	24618	2927	3070	9378	9816	8095	1872	2092	2322
S92000003	2020-10-27	TotalDeaths	Female	0	57	0	0	8	82	1222	153	393	643
S92000003	2020-10-27	TotalNegative	Female	60194	392429	23913	41412	160706	132171	112385	32826	29971	23621
S92000003	2020-10-27	TotalPositive	Male	1197	19557	2265	2734	7227	7701	6782	2160	1893	1162
S92000003	2020-10-27	TotalDeaths	Male	0	88	0	1	12	143	1359	280	555	456
S92000003	2020-10-27	TotalNegative	Male	69753	305975	19947	30154	115704	89700	88775	31918	25380	12194
S92000003	2020-10-28	TotalPositive	Female	1273	25168	2978	3141	9601	10022	8218	1908	2126	2337
S92000003	2020-10-28	TotalDeaths	Female	0	58	0	0	8	83	1238	158	395	652
S92000003	2020-10-28	TotalNegative	Female	60582	395124	24134	41723	161745	133087	113058	33044	30149	23718
S92000003	2020-10-28	TotalPositive	Male	1229	19983	2306	2792	7389	7868	6885	2193	1918	1173
S92000003	2020-10-28	TotalDeaths	Male	0	89	0	1	12	144	1369	283	557	461
S92000003	2020-10-28	TotalNegative	Male	70212	308377	20102	30415	116650	90440	89326	32137	25503	12244
S92000003	2020-10-29	TotalPositive	Female	1308	25661	3020	3209	9800	10204	8360	1940	2166	2374
S92000003	2020-10-29	TotalDeaths	Female	0	59	0	0	8	85	1253	161	400	658
S92000003	2020-10-29	TotalNegative	Female	60912	397510	24318	42037	162660	133887	113640	33266	30284	23786
S92000003	2020-10-29	TotalPositive	Male	1260	20356	2342	2837	7527	8023	7005	2228	1953	1191
S92000003	2020-10-29	TotalDeaths	Male	0	90	0	1	12	146	1389	287	568	465
S92000003	2020-10-29	TotalNegative	Male	70572	310332	20255	30637	117436	90993	89751	32292	25614	12284
S92000003	2020-10-30	TotalPositive	Female	1339	26251	3058	3288	10051	10439	8513	1984	2197	2408
S92000003	2020-10-30	TotalDeaths	Female	0	59	0	0	8	85	1262	162	404	662
S92000003	2020-10-30	TotalNegative	Female	61278	399921	24501	42278	163662	134657	114184	33458	30401	23870
S92000003	2020-10-30	TotalPositive	Male	1296	20794	2390	2877	7710	8187	7104	2262	1975	1201
S92000003	2020-10-30	TotalDeaths	Male	0	91	0	1	12	148	1407	292	574	471
S92000003	2020-10-30	TotalNegative	Male	70963	312310	20401	30864	118208	91556	90168	32445	25709	12332
S92000003	2020-10-31	TotalPositive	Female	1386	26746	3090	3350	10249	10630	8646	2017	2224	2446
S92000003	2020-10-31	TotalDeaths	Female	0	60	0	0	8	86	1269	163	409	663
S92000003	2020-10-31	TotalNegative	Female	61608	402189	24662	42530	164575	135419	114744	33644	30541	23954
S92000003	2020-10-31	TotalPositive	Male	1331	21166	2421	2935	7841	8334	7204	2294	1996	1218
S92000003	2020-10-31	TotalDeaths	Male	0	92	0	1	12	150	1422	298	578	475
S92000003	2020-10-31	TotalNegative	Male	71322	314145	20566	31035	118921	92100	90610	32613	25811	12387
S92000003	2020-11-01	TotalPositive	Female	1358	27237	3149	3404	10473	10853	8801	2049	2269	2483
S92000003	2020-11-01	TotalDeaths	Female	0	60	0	0	8	86	1272	165	410	663
S92000003	2020-11-01	TotalNegative	Female	61408	403940	24807	42775	165542	136159	115232	33861	30628	23992
S92000003	2020-11-01	TotalPositive	Male	1315	21555	2465	3003	8016	8482	7311	2335	2018	1232
S92000003	2020-11-01	TotalDeaths	Male	0	92	0	1	12	150	1425	299	578	477
S92000003	2020-11-01	TotalNegative	Male	71200	315465	20677	31216	119637	92652	91034	32770	25922	12425
S92000003	2020-11-02	TotalPositive	Female	1396	27684	3189	3444	10665	11021	8887	2075	2278	2503
S92000003	2020-11-02	TotalDeaths	Female	0	60	0	0	8	86	1272	165	410	663
S92000003	2020-11-02	TotalNegative	Female	61662	405650	24919	42962	166210	136767	115696	34037	30748	24041
S92000003	2020-11-02	TotalPositive	Male	1354	21894	2495	3045	8143	8609	7391	2360	2037	1242
S92000003	2020-11-02	TotalDeaths	Male	0	92	0	1	12	150	1425	299	578	477
S92000003	2020-11-02	TotalNegative	Male	71476	316802	20770	31332	120174	93054	91402	32933	26012	12453
S92000003	2020-11-03	TotalPositive	Female	1432	28114	3219	3485	10865	11172	8999	2102	2301	2537
S92000003	2020-11-03	TotalDeaths	Female	0	60	0	0	8	87	1281	167	415	664
S92000003	2020-11-03	TotalNegative	Female	61992	407376	25032	43132	166894	137301	116169	34196	30904	24094
S92000003	2020-11-03	TotalPositive	Male	1396	22251	2525	3085	8276	8750	7491	2383	2069	1258
S92000003	2020-11-03	TotalDeaths	Male	0	93	0	1	12	152	1443	307	581	483
S92000003	2020-11-03	TotalNegative	Male	71815	318322	20888	31487	120733	93498	91786	33090	26106	12491
S92000003	2020-11-04	TotalPositive	Female	1497	28702	3269	3531	11106	11399	9133	2138	2331	2564
S92000003	2020-11-04	TotalDeaths	Female	0	60	0	0	8	87	1313	174	425	679
S92000003	2020-11-04	TotalNegative	Female	62560	410289	25233	43403	168052	138191	116755	34406	31060	24139
S92000003	2020-11-04	TotalPositive	Male	1461	22826	2573	3140	8510	8967	7626	2434	2100	1267
S92000003	2020-11-04	TotalDeaths	Male	0	94	0	1	12	153	1460	309	590	489
S92000003	2020-11-04	TotalNegative	Male	72415	320821	21037	31737	121710	94164	92364	33316	26251	12555
S92000003	2020-11-05	TotalPositive	Female	1538	29248	3326	3604	11324	11592	9264	2172	2364	2592
S92000003	2020-11-05	TotalDeaths	Female	0	62	0	0	8	90	1330	177	432	685
S92000003	2020-11-05	TotalNegative	Female	62985	412764	25426	43667	169045	138938	117325	34623	31208	24197
S92000003	2020-11-05	TotalPositive	Male	1499	23256	2610	3184	8688	9134	7735	2470	2126	1280
S92000003	2020-11-05	TotalDeaths	Male	0	95	0	1	12	156	1479	310	596	499
S92000003	2020-11-05	TotalNegative	Male	72900	323207	21210	31987	122680	94812	92789	33485	26324	12598
S92000003	2020-11-06	TotalPositive	Female	1577	29731	3382	3667	11519	11752	9369	2201	2387	2615
S92000003	2020-11-06	TotalDeaths	Female	0	63	0	0	8	91	1345	180	435	694
S92000003	2020-11-06	TotalNegative	Female	63369	415113	25619	43927	169934	139713	117833	34796	31318	24270
S92000003	2020-11-06	TotalPositive	Male	1558	23659	2646	3243	8834	9264	7814	2498	2146	1284
S92000003	2020-11-06	TotalDeaths	Male	0	95	0	1	12	156	1494	311	607	502
S92000003	2020-11-06	TotalNegative	Male	73318	325126	21359	32204	123388	95356	93186	33654	26404	12629
S92000003	2020-11-07	TotalPositive	Female	1655	30468	3437	3754	11798	12043	9532	2244	2415	2654
S92000003	2020-11-07	TotalDeaths	Female	0	63	0	0	8	92	1367	181	443	706
S92000003	2020-11-07	TotalNegative	Female	64004	418726	25894	44322	171408	140751	118432	35018	31438	24323
S92000003	2020-11-07	TotalPositive	Male	1642	24229	2696	3321	9052	9439	7940	2541	2180	1298
S92000003	2020-11-07	TotalDeaths	Male	0	96	0	1	12	158	1510	315	612	508
S92000003	2020-11-07	TotalNegative	Male	73986	328006	21551	32493	124515	96125	93650	33825	26496	12665
S92000003	2020-11-08	TotalPositive	Female	1714	30981	3484	3809	11997	12231	9627	2263	2436	2674
S92000003	2020-11-08	TotalDeaths	Female	0	63	0	0	8	92	1368	182	443	706
S92000003	2020-11-08	TotalNegative	Female	64437	421223	26056	44607	172416	141509	118989	35196	31584	24407
S92000003	2020-11-08	TotalPositive	Male	1701	24650	2737	3375	9205	9582	8026	2570	2196	1310
S92000003	2020-11-08	TotalDeaths	Male	0	96	0	1	12	158	1512	315	613	509
S92000003	2020-11-08	TotalNegative	Male	74432	329970	21683	32711	125248	96679	94077	34008	26591	12695
S92000003	2020-11-09	TotalPositive	Female	1757	31407	3506	3852	12179	12397	9709	2290	2449	2686
S92000003	2020-11-09	TotalDeaths	Female	0	63	0	0	8	92	1368	182	443	706
S92000003	2020-11-09	TotalNegative	Female	64721	422943	26207	44760	173122	142039	119454	35371	31711	24466
S92000003	2020-11-09	TotalPositive	Male	1728	24970	2762	3406	9339	9712	8109	2602	2210	1320
S92000003	2020-11-09	TotalDeaths	Male	0	97	0	1	12	159	1512	315	613	509
S92000003	2020-11-09	TotalNegative	Male	74724	331354	21762	32842	125810	97087	94465	34164	26700	12730
S92000003	2020-11-10	TotalPositive	Female	1797	31766	3533	3889	12333	12521	9805	2313	2481	2704
S92000003	2020-11-10	TotalDeaths	Female	0	63	0	0	8	92	1388	183	453	715
S92000003	2020-11-10	TotalNegative	Female	65058	424460	26317	44887	173682	142515	119823	35502	31804	24518
S92000003	2020-11-10	TotalPositive	Male	1760	25260	2789	3437	9443	9832	8195	2632	2232	1330
S92000003	2020-11-10	TotalDeaths	Male	0	97	0	1	12	160	1531	323	615	517
S92000003	2020-11-10	TotalNegative	Male	75098	332598	21837	32938	126243	97426	94797	34311	26790	12752
S92000003	2020-11-11	TotalPositive	Female	1852	32363	3574	3943	12601	12741	9926	2354	2497	2727
S92000003	2020-11-11	TotalDeaths	Female	0	65	0	0	8	96	1415	189	460	727
S92000003	2020-11-11	TotalNegative	Female	65740	427493	26541	45163	174860	143353	120434	35714	31946	24610
S92000003	2020-11-11	TotalPositive	Male	1813	25714	2833	3477	9619	10009	8284	2659	2250	1338
S92000003	2020-11-11	TotalDeaths	Male	0	100	0	1	12	165	1563	329	626	530
S92000003	2020-11-11	TotalNegative	Male	75895	335301	22029	33168	127174	98130	95320	34524	26920	12781
S92000003	2020-11-12	TotalPositive	Female	1910	32926	3615	4006	12818	12966	10069	2387	2536	2757
S92000003	2020-11-12	TotalDeaths	Female	0	66	0	0	8	97	1430	193	462	736
S92000003	2020-11-12	TotalNegative	Female	66222	430111	26739	45432	175887	144152	120992	35907	32098	24666
S92000003	2020-11-12	TotalPositive	Male	1858	26121	2875	3518	9772	10167	8383	2694	2269	1351
S92000003	2020-11-12	TotalDeaths	Male	0	101	0	1	12	167	1591	333	645	534
S92000003	2020-11-12	TotalNegative	Male	76488	337563	22230	33386	127958	98723	95728	34675	27016	12815
S92000003	2020-11-13	TotalPositive	Female	1972	33543	3667	4083	13068	13182	10187	2420	2557	2781
S92000003	2020-11-13	TotalDeaths	Female	0	67	0	0	8	99	1454	193	471	750
S92000003	2020-11-13	TotalNegative	Female	66792	433020	26982	45725	177001	145009	121577	36122	32207	24759
S92000003	2020-11-13	TotalPositive	Male	1925	26640	2914	3589	9977	10339	8486	2736	2285	1361
S92000003	2020-11-13	TotalDeaths	Male	0	102	0	1	12	170	1621	339	662	539
S92000003	2020-11-13	TotalNegative	Male	77091	339907	22412	33635	128786	99337	96184	34843	27134	12853
S92000003	2020-11-14	TotalPositive	Female	2021	34063	3729	4149	13277	13346	10318	2459	2589	2811
S92000003	2020-11-14	TotalDeaths	Female	0	67	0	0	8	99	1468	195	477	756
S92000003	2020-11-14	TotalNegative	Female	67262	435544	27156	46006	178005	145750	122165	36327	32356	24847
S92000003	2020-11-14	TotalPositive	Male	1975	27022	2962	3630	10122	10462	8571	2763	2307	1372
S92000003	2020-11-14	TotalDeaths	Male	0	103	0	1	13	170	1642	346	670	545
S92000003	2020-11-14	TotalNegative	Male	77552	341940	22590	33808	129554	99915	96647	35032	27245	12891
S92000003	2020-11-15	TotalPositive	Female	2082	34605	3771	4218	13493	13535	10421	2484	2613	2830
S92000003	2020-11-15	TotalDeaths	Female	0	67	0	0	8	99	1468	195	477	756
S92000003	2020-11-15	TotalNegative	Female	67715	438266	27376	46264	179073	146650	122730	36522	32479	24917
S92000003	2020-11-15	TotalPositive	Male	2028	27437	3000	3678	10288	10600	8670	2795	2330	1388
S92000003	2020-11-15	TotalDeaths	Male	0	103	0	1	13	170	1642	346	670	545
S92000003	2020-11-15	TotalNegative	Male	78004	344022	22742	34004	130339	100547	97098	35202	27360	12922
S92000003	2020-11-16	TotalPositive	Female	2114	34938	3791	4254	13655	13637	10496	2507	2633	2843
S92000003	2020-11-16	TotalDeaths	Female	0	67	0	0	8	99	1470	197	477	756
S92000003	2020-11-16	TotalNegative	Female	68015	440040	27521	46410	179747	147283	123175	36693	32581	24965
S92000003	2020-11-16	TotalPositive	Male	2055	27686	3017	3705	10395	10690	8728	2812	2342	1398
S92000003	2020-11-16	TotalDeaths	Male	0	105	0	1	13	172	1644	346	671	546
S92000003	2020-11-16	TotalNegative	Male	78348	345545	22868	34140	130875	101033	97464	35343	27449	12953
S92000003	2020-11-17	TotalPositive	Female	2161	35493	3826	4301	13892	13868	10618	2538	2656	2869
S92000003	2020-11-17	TotalDeaths	Female	0	68	0	0	8	100	1487	200	482	765
S92000003	2020-11-17	TotalNegative	Female	68549	442591	27701	46645	180751	148027	123699	36894	32687	25036
S92000003	2020-11-17	TotalPositive	Male	2108	28143	3058	3749	10569	10872	8842	2848	2368	1413
S92000003	2020-11-17	TotalDeaths	Male	0	106	0	1	13	175	1662	353	678	548
S92000003	2020-11-17	TotalNegative	Male	78980	347811	23011	34320	131676	101683	97926	35510	27562	12995
S92000003	2020-11-18	TotalPositive	Female	2221	36051	3862	4360	14123	14079	10749	2569	2691	2895
S92000003	2020-11-18	TotalDeaths	Female	0	69	0	0	8	102	1510	206	485	778
S92000003	2020-11-18	TotalNegative	Female	69240	445811	27950	46950	181966	148973	124380	37142	32858	25112
S92000003	2020-11-18	TotalPositive	Male	2166	28600	3102	3800	10741	11038	8960	2889	2397	1427
S92000003	2020-11-18	TotalDeaths	Male	0	107	0	1	13	177	1691	355	695	557
S92000003	2020-11-18	TotalNegative	Male	79692	350598	23201	34575	132690	102467	98543	35757	27721	13038
S92000003	2020-11-19	TotalPositive	Female	2261	36510	3896	4409	14332	14235	10897	2612	2726	2936
S92000003	2020-11-19	TotalDeaths	Female	0	70	0	0	8	104	1538	211	485	800
S92000003	2020-11-19	TotalNegative	Female	69812	448781	28191	47226	183093	149911	125044	37369	33006	25217
S92000003	2020-11-19	TotalPositive	Male	2215	28965	3140	3840	10889	11150	9076	2932	2429	1446
S92000003	2020-11-19	TotalDeaths	Male	0	109	0	1	14	179	1710	358	703	564
S92000003	2020-11-19	TotalNegative	Male	80379	353082	23389	34807	133540	103139	99083	35970	27852	13089
S92000003	2020-11-20	TotalPositive	Female	2307	36971	3938	4455	14523	14402	11021	2640	2754	2973
S92000003	2020-11-20	TotalDeaths	Female	0	72	0	0	9	105	1551	212	487	810
S92000003	2020-11-20	TotalNegative	Female	70288	451216	28376	47484	184027	150636	125600	37568	33140	25297
S92000003	2020-11-20	TotalPositive	Male	2254	29297	3167	3872	11034	11262	9172	2966	2450	1464
S92000003	2020-11-20	TotalDeaths	Male	0	111	0	1	14	183	1725	360	708	570
S92000003	2020-11-20	TotalNegative	Male	80934	355247	23580	35001	134345	103674	99474	36122	27938	13127
S92000003	2020-11-21	TotalPositive	Female	2340	37346	3966	4496	14675	14550	11116	2661	2782	2992
S92000003	2020-11-21	TotalDeaths	Female	0	72	0	0	9	105	1570	215	493	820
S92000003	2020-11-21	TotalNegative	Female	70715	453449	28545	47684	184945	151281	126019	37730	33221	25347
S92000003	2020-11-21	TotalPositive	Male	2297	29648	3196	3910	11179	11383	9244	2989	2467	1471
S92000003	2020-11-21	TotalDeaths	Male	0	112	0	1	14	185	1742	365	713	576
S92000003	2020-11-21	TotalNegative	Male	81431	357128	23722	35198	135004	104165	99856	36273	28030	13161
S92000003	2020-11-22	TotalPositive	Female	2372	37734	3998	4531	14849	14691	11216	2686	2808	3015
S92000003	2020-11-22	TotalDeaths	Female	0	72	0	0	9	105	1573	216	493	822
S92000003	2020-11-22	TotalNegative	Female	71090	455730	28736	47961	185799	152008	126617	37938	33376	25439
S92000003	2020-11-22	TotalPositive	Male	2327	29934	3231	3941	11300	11469	9309	3013	2485	1477
S92000003	2020-11-22	TotalDeaths	Male	0	113	0	1	14	187	1745	365	714	577
S92000003	2020-11-22	TotalNegative	Male	81832	358950	23865	35400	135644	104721	100344	36468	28158	13206
S92000003	2020-11-23	TotalPositive	Female	2413	38157	4031	4561	15045	14842	11313	2707	2833	3038
S92000003	2020-11-23	TotalDeaths	Female	0	72	0	0	9	105	1573	216	493	822
S92000003	2020-11-23	TotalNegative	Female	71463	457693	28872	48178	186599	152552	127027	38104	33475	25477
S92000003	2020-11-23	TotalPositive	Male	2361	30278	3254	3972	11450	11603	9392	3041	2502	1487
S92000003	2020-11-23	TotalDeaths	Male	0	113	0	1	14	187	1745	365	714	577
S92000003	2020-11-23	TotalNegative	Male	82211	360551	23978	35538	136269	105161	100704	36619	28251	13228
S92000003	2020-11-24	TotalPositive	Female	2451	38521	4070	4600	15200	14956	11384	2730	2847	3051
S92000003	2020-11-24	TotalDeaths	Female	0	74	0	0	9	108	1587	220	496	828
S92000003	2020-11-24	TotalNegative	Female	71850	459410	28996	48336	187269	153023	127460	38264	33601	25531
S92000003	2020-11-24	TotalPositive	Male	2398	30542	3275	3999	11558	11692	9464	3069	2515	1500
S92000003	2020-11-24	TotalDeaths	Male	0	116	0	1	14	192	1767	372	724	580
S92000003	2020-11-24	TotalNegative	Male	82646	362060	24070	35663	136808	105566	101052	36763	28343	13253
S92000003	2020-11-25	TotalPositive	Female	2483	38902	4112	4638	15359	15091	11491	2758	2880	3072
S92000003	2020-11-25	TotalDeaths	Female	0	76	0	0	10	110	1610	223	505	838
S92000003	2020-11-25	TotalNegative	Female	72318	461502	29172	48515	188000	153692	127986	38456	33726	25609
S92000003	2020-11-25	TotalPositive	Male	2431	30853	3331	4027	11678	11785	9544	3092	2540	1513
S92000003	2020-11-25	TotalDeaths	Male	0	117	0	1	14	193	1785	373	732	589
S92000003	2020-11-25	TotalNegative	Male	83139	364147	24293	35862	137520	106152	101502	36952	28446	13285
S92000003	2020-11-27	TotalPositive	Female	2579	39896	4200	4730	15780	15455	11724	2810	2938	3128
S92000003	2020-11-27	TotalDeaths	Female	0	77	0	0	11	111	1651	227	520	859
S92000003	2020-11-27	TotalNegative	Female	73485	467345	29656	49142	190239	155342	129084	38843	33990	25732
S92000003	2020-11-27	TotalPositive	Male	2516	31651	3404	4094	12018	12077	9713	3139	2581	1535
S92000003	2020-11-27	TotalDeaths	Male	0	119	0	1	14	198	1830	382	745	609
S92000003	2020-11-27	TotalNegative	Male	84460	369151	24726	36406	139265	107377	102417	37305	28665	13364
S92000003	2020-11-28	TotalPositive	Female	2603	40246	4229	4765	15923	15601	11802	2833	2948	3146
S92000003	2020-11-28	TotalDeaths	Female	0	80	0	0	11	116	1669	228	526	868
S92000003	2020-11-28	TotalNegative	Female	73920	469991	29857	49397	191280	156231	129696	39084	34133	25785
S92000003	2020-11-28	TotalPositive	Male	2551	31943	3424	4128	12133	12187	9780	3160	2594	1546
S92000003	2020-11-28	TotalDeaths	Male	0	122	0	1	14	203	1849	384	755	614
S92000003	2020-11-28	TotalNegative	Male	84946	371258	24875	36582	140044	108035	102942	37527	28780	13411
S92000003	2020-11-29	TotalPositive	Female	2648	40573	4248	4802	16061	15709	11882	2853	2968	3166
S92000003	2020-11-29	TotalDeaths	Female	0	80	0	0	11	116	1670	228	526	869
S92000003	2020-11-29	TotalNegative	Female	74322	472495	30097	49689	192183	157061	130230	39266	34274	25833
S92000003	2020-11-29	TotalPositive	Male	2593	32231	3446	4152	12257	12283	9830	3176	2606	1548
S92000003	2020-11-29	TotalDeaths	Male	0	122	0	1	14	203	1850	384	755	615
S92000003	2020-11-29	TotalNegative	Male	85348	373115	25033	36768	140712	108599	103382	37711	28877	13449
S92000003	2020-11-30	TotalPositive	Female	2664	40735	4260	4823	16126	15767	11932	2865	2982	3180
S92000003	2020-11-30	TotalDeaths	Female	0	80	0	0	11	116	1671	228	526	870
S92000003	2020-11-30	TotalNegative	Female	74473	473442	30180	49826	192495	157389	130564	39405	34355	25883
S92000003	2020-11-30	TotalPositive	Male	2605	32347	3458	4160	12304	12329	9871	3190	2618	1554
S92000003	2020-11-30	TotalDeaths	Male	0	122	0	1	14	203	1852	385	756	615
S92000003	2020-11-30	TotalNegative	Male	85517	373913	25109	36852	140988	108845	103666	37831	28962	13475
S92000003	2020-12-01	TotalPositive	Female	2700	41084	4291	4852	16277	15892	12015	2887	2999	3201
S92000003	2020-12-01	TotalDeaths	Female	0	80	0	0	11	116	1689	232	530	880
S92000003	2020-12-01	TotalNegative	Female	74881	475210	30226	49845	193291	158011	131107	39621	34486	25956
S92000003	2020-12-01	TotalPositive	Male	2650	32600	3475	4183	12413	12403	9939	3213	2636	1566
S92000003	2020-12-01	TotalDeaths	Male	0	124	0	1	15	205	1866	386	762	621
S92000003	2020-12-01	TotalNegative	Male	86018	375510	25146	36932	141583	109335	104102	38010	29062	13526
S92000003	2020-12-02	TotalPositive	Female	2753	41509	4320	4900	16457	16033	12126	2916	3024	3232
S92000003	2020-12-02	TotalDeaths	Female	0	80	0	0	11	116	1704	234	538	885
S92000003	2020-12-02	TotalNegative	Female	75581	478718	30448	50136	194597	159242	132132	40077	34728	26041
S92000003	2020-12-02	TotalPositive	Male	2699	32934	3502	4220	12534	12529	10020	3236	2653	1581
S92000003	2020-12-02	TotalDeaths	Male	0	125	0	1	15	207	1888	392	768	630
S92000003	2020-12-02	TotalNegative	Male	86782	378544	25349	37156	142666	110303	104990	38427	29276	13575
S92000003	2020-12-03	TotalPositive	Female	2800	41944	4359	4943	16639	16185	12244	2947	3043	3272
S92000003	2020-12-03	TotalDeaths	Female	0	81	0	0	11	117	1732	237	549	899
S92000003	2020-12-03	TotalNegative	Female	76058	481320	30595	50358	195634	160136	132820	40358	34907	26094
S92000003	2020-12-03	TotalPositive	Male	2734	33265	3525	4268	12679	12629	10094	3262	2669	1593
S92000003	2020-12-03	TotalDeaths	Male	0	126	0	1	15	209	1909	396	774	640
S92000003	2020-12-03	TotalNegative	Male	87357	380959	25505	37353	143565	111051	105634	38697	29434	13631
S92000003	2020-12-04	TotalPositive	Female	2841	42355	4396	4990	16801	16337	12348	2970	3058	3310
S92000003	2020-12-04	TotalDeaths	Female	0	81	0	0	11	117	1751	240	558	906
S92000003	2020-12-04	TotalNegative	Female	76607	484317	30809	50624	196847	161076	133551	40663	35090	26152
S92000003	2020-12-04	TotalPositive	Male	2775	33647	3554	4311	12860	12740	10162	3284	2683	1602
S92000003	2020-12-04	TotalDeaths	Male	0	127	0	1	15	211	1930	400	779	651
S92000003	2020-12-04	TotalNegative	Male	87985	383433	25674	37575	144437	111794	106303	38966	29598	13707
S92000003	2020-12-05	TotalPositive	Female	2878	42719	4428	5029	16958	16459	12430	2996	3072	3329
S92000003	2020-12-05	TotalDeaths	Female	0	82	0	0	11	118	1761	242	563	909
S92000003	2020-12-05	TotalNegative	Female	77055	486835	30991	50863	197859	161869	134202	40908	35266	26226
S92000003	2020-12-05	TotalPositive	Male	2799	33915	3574	4339	12976	12840	10225	3305	2701	1606
S92000003	2020-12-05	TotalDeaths	Male	0	128	0	1	15	213	1940	400	784	655
S92000003	2020-12-05	TotalNegative	Male	88463	385572	25831	37775	145251	112419	106845	39192	29722	13764
S92000003	2020-12-06	TotalPositive	Female	2904	43014	4438	5061	17095	16569	12510	3018	3089	3350
S92000003	2020-12-06	TotalDeaths	Female	0	82	0	0	11	118	1765	242	566	910
S92000003	2020-12-06	TotalNegative	Female	77383	488784	31149	51032	198627	162523	134752	41131	35417	26274
S92000003	2020-12-06	TotalPositive	Male	2826	34115	3590	4357	13052	12920	10293	3329	2716	1618
S92000003	2020-12-06	TotalDeaths	Male	0	128	0	1	15	213	1941	400	785	655
S92000003	2020-12-06	TotalNegative	Male	88828	387148	25949	37888	145836	112921	107282	39390	29817	13801
S92000003	2020-12-07	TotalPositive	Female	2930	43302	4463	5092	17213	16677	12585	3032	3102	3378
S92000003	2020-12-07	TotalDeaths	Female	0	82	0	0	11	118	1765	242	566	910
S92000003	2020-12-07	TotalNegative	Female	77646	490339	31249	51182	199227	163073	135178	41308	35521	26311
S92000003	2020-12-07	TotalPositive	Male	2859	34361	3603	4381	13149	13019	10361	3352	2728	1631
S92000003	2020-12-07	TotalDeaths	Male	0	128	0	1	15	213	1942	400	786	655
S92000003	2020-12-07	TotalNegative	Male	89102	388525	26047	38017	146395	113325	107681	39558	29935	13827
S92000003	2020-12-08	TotalPositive	Female	2964	43586	4481	5119	17338	16775	12669	3052	3125	3401
S92000003	2020-12-08	TotalDeaths	Female	0	82	0	0	11	119	1782	245	575	914
S92000003	2020-12-08	TotalNegative	Female	78068	493286	31663	51805	200137	163792	135781	41558	35681	26363
S92000003	2020-12-08	TotalPositive	Male	2886	34612	3626	4401	13257	13111	10434	3378	2749	1638
S92000003	2020-12-08	TotalDeaths	Male	0	129	0	1	15	214	1957	402	792	662
S92000003	2020-12-08	TotalNegative	Male	89601	391130	26394	38469	147198	113968	108222	39794	30062	13866
S92000003	2020-12-09	TotalPositive	Female	3001	43968	4509	5160	17502	16913	12763	3067	3150	3429
S92000003	2020-12-09	TotalDeaths	Female	0	83	0	0	11	120	1797	249	580	920
S92000003	2020-12-09	TotalNegative	Female	78604	495505	31714	51873	201023	164636	136508	41849	35856	26458
S92000003	2020-12-09	TotalPositive	Male	2931	34944	3654	4433	13382	13238	10523	3406	2770	1653
S92000003	2020-12-09	TotalDeaths	Male	0	129	0	1	15	215	1980	404	801	673
S92000003	2020-12-09	TotalNegative	Male	90221	393143	26469	38516	147912	114677	108853	40082	30209	13910
S92000003	2020-12-10	TotalPositive	Female	3046	44395	4532	5211	17681	17071	12869	3095	3175	3453
S92000003	2020-12-10	TotalDeaths	Female	0	85	0	0	11	123	1820	253	586	932
S92000003	2020-12-10	TotalNegative	Female	79062	497285	31733	51781	201855	165337	137115	42076	36001	26555
S92000003	2020-12-10	TotalPositive	Male	2972	35256	3687	4453	13510	13351	10610	3441	2789	1663
S92000003	2020-12-10	TotalDeaths	Male	0	130	0	1	15	217	2004	408	810	683
S92000003	2020-12-10	TotalNegative	Male	90744	394835	26493	38535	148594	115242	109323	40292	30308	13950
S92000003	2020-12-11	TotalPositive	Female	3088	44844	4559	5272	17863	17238	12984	3116	3202	3490
S92000003	2020-12-11	TotalDeaths	Female	0	86	0	0	11	125	1837	254	594	939
S92000003	2020-12-11	TotalNegative	Female	79532	499758	31919	52003	202833	166105	137709	42312	36132	26631
S92000003	2020-12-11	TotalPositive	Male	3011	35597	3716	4500	13648	13462	10707	3466	2815	1686
S92000003	2020-12-11	TotalDeaths	Male	0	131	0	1	15	218	2016	409	816	688
S92000003	2020-12-11	TotalNegative	Male	91303	397027	26667	38734	149410	115808	109741	40490	30375	13981
S92000003	2020-12-12	TotalPositive	Female	3123	45302	4589	5337	18051	17410	13113	3142	3233	3530
S92000003	2020-12-12	TotalDeaths	Female	0	86	0	0	11	125	1861	258	601	952
S92000003	2020-12-12	TotalNegative	Female	79954	502111	32112	52238	203763	166818	138226	42497	36266	26689
S92000003	2020-12-12	TotalPositive	Male	3054	35967	3741	4534	13800	13607	10814	3507	2837	1701
S92000003	2020-12-12	TotalDeaths	Male	0	132	0	1	15	220	2030	414	822	690
S92000003	2020-12-12	TotalNegative	Male	91767	399099	26825	38935	150216	116372	110145	40661	30459	14009
S92000003	2020-12-13	TotalPositive	Female	3157	45671	4612	5390	18203	17541	13199	3163	3256	3548
S92000003	2020-12-13	TotalDeaths	Female	0	86	0	0	11	126	1863	258	601	953
S92000003	2020-12-13	TotalNegative	Female	80289	504100	32250	52456	204556	167446	138683	42655	36386	26745
S92000003	2020-12-13	TotalPositive	Male	3098	36245	3766	4550	13920	13699	10880	3526	2852	1714
S92000003	2020-12-13	TotalDeaths	Male	0	132	0	1	15	220	2030	414	822	690
S92000003	2020-12-13	TotalNegative	Male	92117	400867	26949	39125	150912	116892	110579	40831	30575	14045
S92000003	2020-12-14	TotalPositive	Female	3195	46019	4637	5428	18353	17660	13278	3185	3272	3567
S92000003	2020-12-14	TotalDeaths	Female	0	86	0	0	11	126	1863	258	601	953
S92000003	2020-12-14	TotalNegative	Female	80585	505689	32355	52635	205191	167912	139058	42796	36474	26799
S92000003	2020-12-14	TotalPositive	Male	3133	36492	3785	4572	14020	13789	10939	3546	2864	1722
S92000003	2020-12-14	TotalDeaths	Male	0	132	0	1	15	220	2030	414	822	690
S92000003	2020-12-14	TotalNegative	Male	92458	402240	27048	39262	151414	117266	110913	40970	30654	14081
S92000003	2020-12-15	TotalPositive	Female	3236	46406	4659	5462	18509	17824	13360	3205	3283	3588
S92000003	2020-12-15	TotalDeaths	Female	0	87	0	0	11	127	1869	258	604	956
S92000003	2020-12-15	TotalNegative	Female	80961	507644	32479	52851	205961	168496	139562	42973	36615	26870
S92000003	2020-12-15	TotalPositive	Male	3175	36795	3806	4597	14161	13881	11011	3569	2885	1732
S92000003	2020-12-15	TotalDeaths	Male	0	133	0	1	15	223	2046	417	826	697
S92000003	2020-12-15	TotalNegative	Male	92908	403965	27155	39416	152011	117798	111365	41151	30753	14138
S92000003	2020-12-16	TotalPositive	Female	3263	46681	4675	5482	18630	17936	13469	3227	3309	3628
S92000003	2020-12-16	TotalDeaths	Female	0	87	0	0	11	127	1884	259	605	969
S92000003	2020-12-16	TotalNegative	Female	81312	509460	32591	53050	206658	169064	140059	43182	36747	26915
S92000003	2020-12-16	TotalPositive	Male	3216	37028	3820	4627	14248	13958	11083	3587	2905	1750
S92000003	2020-12-16	TotalDeaths	Male	0	135	0	1	15	226	2067	422	833	705
S92000003	2020-12-16	TotalNegative	Male	93335	405577	27299	39580	152555	118222	111809	41359	30866	14170
S92000003	2020-12-17	TotalPositive	Female	3301	47069	4699	5520	18793	18089	13550	3247	3331	3639
S92000003	2020-12-17	TotalDeaths	Female	0	87	0	0	11	127	1902	260	609	982
S92000003	2020-12-17	TotalNegative	Female	81674	511489	32730	53233	207487	169707	140635	43407	36892	26994
S92000003	2020-12-17	TotalPositive	Male	3251	37342	3838	4655	14393	14068	11158	3612	2919	1764
S92000003	2020-12-17	TotalDeaths	Male	0	135	0	1	15	227	2079	424	839	708
S92000003	2020-12-17	TotalNegative	Male	93764	407379	27437	39735	153206	118769	112261	41518	30991	14220
S92000003	2020-12-18	TotalPositive	Female	3326	47389	4724	5562	18931	18200	13654	3277	3355	3668
S92000003	2020-12-18	TotalDeaths	Female	0	87	0	0	11	127	1920	262	612	995
S92000003	2020-12-18	TotalNegative	Female	81952	513251	32847	53431	208203	170270	141056	43556	36996	27052
S92000003	2020-12-18	TotalPositive	Male	3280	37581	3856	4674	14496	14156	11236	3640	2937	1778
S92000003	2020-12-18	TotalDeaths	Male	0	135	0	1	15	227	2097	425	849	715
S92000003	2020-12-18	TotalNegative	Male	94070	408885	27569	39896	153765	119212	112666	41677	31088	14274
S92000003	2020-12-19	TotalPositive	Female	3345	47638	4739	5583	19031	18315	13733	3299	3376	3683
S92000003	2020-12-19	TotalDeaths	Female	0	87	0	0	11	127	1937	265	621	1000
S92000003	2020-12-19	TotalNegative	Female	82150	514651	32952	53633	208782	170664	141398	43669	37078	27121
S92000003	2020-12-19	TotalPositive	Male	3298	37767	3875	4699	14572	14216	11294	3663	2951	1787
S92000003	2020-12-19	TotalDeaths	Male	0	137	0	1	15	229	2119	426	858	727
S92000003	2020-12-19	TotalNegative	Male	94317	410057	27660	40035	154227	119508	112925	41770	31159	14306
S92000003	2020-12-20	TotalPositive	Female	3378	48031	4756	5623	19196	18484	13877	3328	3417	3726
S92000003	2020-12-20	TotalDeaths	Female	0	87	0	0	11	127	1937	265	621	1000
S92000003	2020-12-20	TotalNegative	Female	82478	516935	33101	53918	209735	171371	141966	43914	37197	27187
S92000003	2020-12-20	TotalPositive	Male	3326	38063	3892	4730	14709	14321	11395	3696	2976	1808
S92000003	2020-12-20	TotalDeaths	Male	0	137	0	1	15	230	2122	426	859	728
S92000003	2020-12-20	TotalNegative	Male	94680	412019	27789	40277	154982	120111	113389	41974	31266	14329
S92000003	2020-12-21	TotalPositive	Female	3437	48709	4788	5698	19516	18719	14024	3375	3444	3756
S92000003	2020-12-21	TotalDeaths	Female	0	87	0	0	11	127	1937	265	621	1000
S92000003	2020-12-21	TotalNegative	Female	83050	520892	33353	54498	211451	172413	142601	44156	37346	27226
S92000003	2020-12-21	TotalPositive	Male	3385	38636	3927	4789	14974	14515	11501	3736	2995	1816
S92000003	2020-12-21	TotalDeaths	Male	0	137	0	1	15	230	2122	426	859	728
S92000003	2020-12-21	TotalNegative	Male	95293	415622	28006	40782	156538	121018	113964	42221	31359	14369
S92000003	2020-12-22	TotalPositive	Female	3500	49287	4812	5758	19767	18940	14164	3423	3477	3774
S92000003	2020-12-22	TotalDeaths	Female	0	88	0	0	11	128	1958	268	628	1011
S92000003	2020-12-22	TotalNegative	Female	83562	524313	33513	54956	213037	173291	143202	44395	37474	27287
S92000003	2020-12-22	TotalPositive	Male	3439	39134	3955	4850	15173	14711	11601	3756	3016	1835
S92000003	2020-12-22	TotalDeaths	Male	0	138	0	1	15	231	2142	433	865	735
S92000003	2020-12-22	TotalNegative	Male	95778	418602	28170	41168	157897	121764	114473	42435	31468	14395
S92000003	2020-12-23	TotalPositive	Female	3542	49836	4847	5824	19999	19153	14297	3466	3503	3799
S92000003	2020-12-23	TotalDeaths	Female	0	88	0	0	11	128	1982	272	637	1022
S92000003	2020-12-23	TotalNegative	Female	83954	527358	33656	55316	214477	174174	143842	44631	37610	27382
S92000003	2020-12-23	TotalPositive	Male	3481	39536	3981	4890	15343	14867	11706	3791	3038	1851
S92000003	2020-12-23	TotalDeaths	Male	0	140	0	1	15	235	2163	439	871	742
S92000003	2020-12-23	TotalNegative	Male	96213	421294	28306	41507	159117	122481	114986	42655	31566	14435
S92000003	2020-12-24	TotalPositive	Female	3592	50409	4882	5906	20243	19352	14458	3516	3537	3839
S92000003	2020-12-24	TotalDeaths	Female	0	90	0	0	11	132	2002	274	640	1035
S92000003	2020-12-24	TotalNegative	Female	84396	530673	33845	55672	216027	175143	144432	44845	37734	27443
S92000003	2020-12-24	TotalPositive	Male	3533	39991	4004	4949	15539	15024	11831	3832	3067	1874
S92000003	2020-12-24	TotalDeaths	Male	0	140	0	1	15	235	2184	445	878	750
S92000003	2020-12-24	TotalNegative	Male	96643	424212	28470	41845	160487	123265	115445	42846	31649	14452
S92000003	2020-12-29	TotalPositive	Female	3780	53027	5058	6214	21425	20288	15082	3706	3667	3971
S92000003	2020-12-29	TotalDeaths	Female	0	92	0	0	11	135	2023	278	645	1046
S92000003	2020-12-29	TotalNegative	Female	85347	537892	34240	56433	219208	177545	146262	45455	38153	27773
S92000003	2020-12-29	TotalPositive	Male	3751	42172	4165	5186	16471	15818	12322	3991	3170	1942
S92000003	2020-12-29	TotalDeaths	Male	0	141	0	1	15	238	2211	453	887	758
S92000003	2020-12-29	TotalNegative	Male	97661	431063	28863	42578	163549	125360	117057	43517	31991	14601
S92000003	2020-12-30	TotalPositive	Female	3835	53925	5119	6342	21795	20637	15293	3759	3710	4021
S92000003	2020-12-30	TotalDeaths	Female	0	95	0	1	11	138	2045	282	652	1056
S92000003	2020-12-30	TotalNegative	Female	85567	539703	34339	56662	219962	178179	146726	45633	38275	27812
S92000003	2020-12-30	TotalPositive	Male	3814	42945	4215	5286	16826	16076	12484	4042	3198	1972
S92000003	2020-12-30	TotalDeaths	Male	0	142	0	1	15	240	2228	455	893	766
S92000003	2020-12-30	TotalNegative	Male	97857	432658	28963	42786	164231	125882	117448	43679	32084	14624
S92000003	2020-12-31	TotalPositive	Female	3917	55153	5202	6505	22306	21113	15542	3842	3750	4060
S92000003	2020-12-31	TotalDeaths	Female	0	97	0	1	12	140	2079	285	662	1076
S92000003	2020-12-31	TotalNegative	Female	85779	542032	34493	56970	221000	178947	147231	45811	38399	27864
S92000003	2020-12-31	TotalPositive	Male	3883	43886	4271	5425	17241	16405	12688	4122	3235	1992
S92000003	2020-12-31	TotalDeaths	Male	0	144	0	1	15	243	2258	459	908	776
S92000003	2020-12-31	TotalNegative	Male	98085	434594	29057	43044	165115	126483	117849	43831	32176	14652
S92000003	2021-01-05	TotalPositive	Female	4286	60264	5559	7201	24462	22993	16682	4198	3984	4263
S92000003	2021-01-05	TotalDeaths	Female	0	97	0	1	12	141	2105	292	667	1089
S92000003	2021-01-05	TotalNegative	Female	86751	552189	35135	58178	225551	182412	149364	46652	38818	28056
S92000003	2021-01-05	TotalPositive	Male	4252	48277	4590	5977	19103	18023	13618	4435	3414	2101
S92000003	2021-01-05	TotalDeaths	Male	0	145	0	1	16	243	2286	467	917	787
S92000003	2021-01-05	TotalNegative	Male	99107	444180	29581	44211	169530	129614	119739	44590	32526	14760
S92000003	2021-01-06	TotalPositive	Female	4345	61140	5628	7315	24828	23321	16890	4252	4036	4305
S92000003	2021-01-06	TotalDeaths	Female	0	100	0	1	12	146	2130	296	674	1101
S92000003	2021-01-06	TotalNegative	Female	86956	554287	35274	58459	226457	183117	149873	46837	38940	28120
S92000003	2021-01-06	TotalPositive	Male	4321	49031	4638	6086	19418	18291	13815	4492	3465	2135
S92000003	2021-01-06	TotalDeaths	Male	0	148	0	1	16	249	2323	475	930	800
S92000003	2021-01-06	TotalNegative	Male	99294	446066	29673	44409	170415	130282	120156	44763	32608	14778
S92000003	2021-01-07	TotalPositive	Female	4407	62242	5719	7454	25287	23752	17194	4347	4104	4366
S92000003	2021-01-07	TotalDeaths	Female	0	102	0	1	12	148	2158	302	684	1113
S92000003	2021-01-07	TotalNegative	Female	87199	557029	35447	58799	227612	184151	150413	47042	39037	28155
S92000003	2021-01-07	TotalPositive	Male	4388	50039	4715	6242	19855	18631	14049	4566	3520	2171
S92000003	2021-01-07	TotalDeaths	Male	0	151	0	1	18	251	2368	490	938	821
S92000003	2021-01-07	TotalNegative	Male	99567	448684	29819	44726	171595	131175	120729	45016	32712	14803
S92000003	2021-01-08	TotalPositive	Female	4478	63226	5791	7595	25686	24121	17452	4440	4163	4404
S92000003	2021-01-08	TotalDeaths	Female	0	103	0	1	12	150	2197	306	701	1130
S92000003	2021-01-08	TotalNegative	Female	87363	559472	35628	59109	228672	185057	150972	47239	39161	28215
S92000003	2021-01-08	TotalPositive	Male	4453	50905	4777	6364	20248	18912	14250	4645	3559	2197
S92000003	2021-01-08	TotalDeaths	Male	0	153	0	1	18	254	2419	505	953	841
S92000003	2021-01-08	TotalNegative	Male	99789	451032	29932	45021	172698	131959	121219	45198	32818	14836
S92000003	2021-01-09	TotalPositive	Female	4521	64038	5869	7687	26037	24425	17685	4505	4214	4465
S92000003	2021-01-09	TotalDeaths	Female	0	105	0	1	13	152	2238	311	719	1147
S92000003	2021-01-09	TotalNegative	Female	87568	561905	35798	59446	229640	185995	151500	47469	39255	28234
S92000003	2021-01-09	TotalPositive	Male	4508	51555	4826	6461	20492	19170	14420	4709	3592	2217
S92000003	2021-01-09	TotalDeaths	Male	0	156	0	1	18	261	2466	515	967	860
S92000003	2021-01-09	TotalNegative	Male	99965	453089	30086	45249	173613	132703	121699	45402	32918	14852
S92000003	2021-01-10	TotalPositive	Female	4581	64819	5923	7785	26363	24722	17946	4567	4274	4550
S92000003	2021-01-10	TotalDeaths	Female	0	105	0	1	13	152	2240	312	719	1148
S92000003	2021-01-10	TotalNegative	Female	87700	564011	35954	59712	230545	186800	152014	47689	39360	28265
S92000003	2021-01-10	TotalPositive	Male	4560	52220	4876	6559	20773	19401	14588	4759	3643	2237
S92000003	2021-01-10	TotalDeaths	Male	0	156	0	1	18	261	2467	515	967	861
S92000003	2021-01-10	TotalNegative	Male	100094	455284	30188	45526	174706	133459	122153	45578	33007	14879
S92000003	2021-01-11	TotalPositive	Female	4639	65574	5967	7884	26679	25014	18145	4613	4328	4595
S92000003	2021-01-11	TotalDeaths	Female	0	105	0	1	13	152	2240	312	719	1148
S92000003	2021-01-11	TotalNegative	Female	87899	566166	36114	59971	231459	187575	152526	47890	39466	28318
S92000003	2021-01-11	TotalPositive	Male	4620	52889	4924	6639	21070	19632	14746	4815	3680	2255
S92000003	2021-01-11	TotalDeaths	Male	0	156	0	1	18	261	2468	515	968	861
S92000003	2021-01-11	TotalNegative	Male	100272	457273	30291	45735	175650	134166	122600	45746	33106	14907
S92000003	2021-01-12	TotalPositive	Female	4675	66364	6021	7973	27026	25338	18356	4665	4379	4643
S92000003	2021-01-12	TotalDeaths	Female	0	107	0	2	13	154	2259	317	725	1155
S92000003	2021-01-12	TotalNegative	Female	88053	568037	36212	60180	232281	188307	152993	48083	39564	28350
S92000003	2021-01-12	TotalPositive	Male	4660	53574	4964	6711	21366	19929	14935	4883	3717	2279
S92000003	2021-01-12	TotalDeaths	Male	0	158	0	1	18	264	2499	526	980	868
S92000003	2021-01-12	TotalNegative	Male	100459	459198	30399	45931	176529	134874	123063	45949	33180	14940
S92000003	2021-01-13	TotalPositive	Female	4739	67160	6081	8050	27328	25697	18632	4736	4446	4715
S92000003	2021-01-13	TotalDeaths	Female	0	110	0	2	13	159	2296	322	735	1175
S92000003	2021-01-13	TotalNegative	Female	88233	570279	36364	60439	233194	189225	153599	48345	39673	28405
S92000003	2021-01-13	TotalPositive	Male	4720	54251	5012	6786	21644	20201	15124	4943	3763	2306
S92000003	2021-01-13	TotalDeaths	Male	0	160	0	1	18	267	2536	538	988	884
S92000003	2021-01-13	TotalNegative	Male	100665	461331	30513	46174	177485	135656	123606	46190	33287	14967
S92000003	2021-01-14	TotalPositive	Female	4781	67853	6127	8127	27606	26004	18904	4793	4514	4805
S92000003	2021-01-14	TotalDeaths	Female	0	111	0	2	13	161	2322	329	744	1184
S92000003	2021-01-14	TotalNegative	Female	88375	572012	36476	60615	233933	189927	154037	48532	39767	28424
S92000003	2021-01-14	TotalPositive	Male	4750	54810	5051	6855	21889	20421	15297	4997	3801	2343
S92000003	2021-01-14	TotalDeaths	Male	0	162	0	1	18	272	2571	544	1000	898
S92000003	2021-01-14	TotalNegative	Male	100846	462900	30588	46343	178178	136230	124023	46362	33380	14996
S92000003	2021-01-15	TotalPositive	Female	4838	68820	6189	8238	28019	26401	19148	4857	4560	4866
S92000003	2021-01-15	TotalDeaths	Female	0	113	0	2	13	163	2344	334	749	1196
S92000003	2021-01-15	TotalNegative	Female	88570	574339	36616	60900	234984	190744	154539	48732	39867	28465
S92000003	2021-01-15	TotalPositive	Male	4802	55576	5106	6939	22212	20738	15477	5050	3837	2369
S92000003	2021-01-15	TotalDeaths	Male	0	164	0	1	18	276	2606	555	1009	911
S92000003	2021-01-15	TotalNegative	Male	101054	465169	30702	46610	179230	137030	124489	46564	33447	15021
S92000003	2021-01-16	TotalPositive	Female	4898	69550	6239	8315	28296	26727	19370	4910	4615	4920
S92000003	2021-01-16	TotalDeaths	Female	0	115	0	2	13	167	2386	339	763	1217
S92000003	2021-01-16	TotalNegative	Female	88701	576104	36722	61103	235778	191404	154953	48896	39974	28479
S92000003	2021-01-16	TotalPositive	Male	4853	56206	5140	7001	22481	21006	15647	5105	3882	2385
S92000003	2021-01-16	TotalDeaths	Male	1	167	0	1	19	278	2637	561	1021	923
S92000003	2021-01-16	TotalNegative	Male	101202	466877	30786	46821	180032	137620	124887	46740	33512	15051
S92000003	2021-01-17	TotalPositive	Female	4939	70114	6283	8365	28520	26978	19552	4962	4656	4963
S92000003	2021-01-17	TotalDeaths	Female	0	115	0	2	13	167	2386	339	763	1217
S92000003	2021-01-17	TotalNegative	Female	88830	577737	36827	61275	236504	192028	155348	49049	40058	28514
S92000003	2021-01-17	TotalPositive	Male	4893	56671	5172	7047	22675	21199	15776	5153	3907	2401
S92000003	2021-01-17	TotalDeaths	Male	1	167	0	1	19	278	2637	561	1021	923
S92000003	2021-01-17	TotalNegative	Male	101353	468528	30863	46994	180786	138252	125246	46891	33567	15068
S92000003	2021-01-18	TotalPositive	Female	5002	70724	6319	8430	28774	27214	19707	5005	4694	4993
S92000003	2021-01-18	TotalDeaths	Female	0	115	0	2	13	167	2386	339	763	1217
S92000003	2021-01-18	TotalNegative	Female	88994	579190	36896	61405	237113	192627	155743	49191	40144	28563
S92000003	2021-01-18	TotalPositive	Male	4935	57198	5199	7100	22896	21430	15913	5199	3942	2410
S92000003	2021-01-18	TotalDeaths	Male	1	167	0	1	19	278	2637	561	1021	923
S92000003	2021-01-18	TotalNegative	Male	101487	469880	30938	47129	181386	138772	125622	47053	33630	15107
S92000003	2021-01-19	TotalPositive	Female	5030	71162	6339	8478	28963	27401	19850	5042	4731	5028
S92000003	2021-01-19	TotalDeaths	Female	0	116	0	2	13	168	2422	348	771	1236
S92000003	2021-01-19	TotalNegative	Female	89103	580274	36948	61499	237579	193078	156148	49344	40254	28617
S92000003	2021-01-19	TotalPositive	Male	4962	57622	5224	7145	23064	21629	16065	5257	3974	2432
S92000003	2021-01-19	TotalDeaths	Male	1	170	0	1	19	284	2668	567	1031	935
S92000003	2021-01-19	TotalNegative	Male	101611	471088	30986	47248	181905	139278	125978	47209	33699	15130
S92000003	2021-01-20	TotalPositive	Female	5069	71836	6375	8556	29263	27672	20050	5105	4774	5072
S92000003	2021-01-20	TotalDeaths	Female	0	119	0	2	13	174	2460	353	779	1258
S92000003	2021-01-20	TotalNegative	Female	89310	582331	37058	61739	238407	193915	156718	49599	40370	28651
S92000003	2021-01-20	TotalPositive	Male	5003	58225	5267	7213	23326	21866	16241	5316	4018	2457
S92000003	2021-01-20	TotalDeaths	Male	1	175	0	1	20	290	2714	574	1050	953
S92000003	2021-01-20	TotalNegative	Male	101841	473119	31103	47450	182751	140089	126496	47437	33805	15139
S92000003	2021-01-23	TotalPositive	Female	5213	73706	6486	8770	30040	28437	20621	5254	4909	5218
S92000003	2021-01-23	TotalDeaths	Female	0	128	0	2	14	187	2583	364	820	1324
S92000003	2021-01-23	TotalNegative	Female	89784	587973	37395	62296	240773	196289	158117	50145	40652	28756
S92000003	2021-01-23	TotalPositive	Male	5160	59773	5353	7379	23986	22468	16669	5450	4134	2512
S92000003	2021-01-23	TotalDeaths	Male	1	183	0	1	21	304	2810	597	1081	988
S92000003	2021-01-23	TotalNegative	Male	102332	478540	31398	48028	185167	142179	127799	47947	34043	15245
S92000003	2021-01-24	TotalPositive	Female	5239	74166	6508	8821	30241	28635	20790	5296	4957	5259
S92000003	2021-01-24	TotalDeaths	Female	0	128	0	2	14	187	2583	364	820	1324
S92000003	2021-01-24	TotalNegative	Female	89928	589768	37485	62436	241497	197164	158634	50344	40751	28797
S92000003	2021-01-24	TotalPositive	Male	5200	60193	5371	7432	24156	22646	16816	5498	4170	2536
S92000003	2021-01-24	TotalDeaths	Male	1	183	0	1	21	304	2811	597	1081	989
S92000003	2021-01-24	TotalNegative	Male	102461	479902	31474	48139	185749	142794	128223	48089	34150	15269
S92000003	2021-01-25	TotalPositive	Female	5268	74468	6522	8849	30378	28752	20906	5332	4992	5281
S92000003	2021-01-25	TotalDeaths	Female	0	128	0	2	14	187	2583	364	820	1324
S92000003	2021-01-25	TotalNegative	Female	90055	590912	37531	62531	241948	197679	159000	50515	40821	28832
S92000003	2021-01-25	TotalPositive	Male	5227	60439	5377	7459	24269	22752	16899	5521	4187	2546
S92000003	2021-01-25	TotalDeaths	Male	1	183	0	1	21	305	2815	599	1081	990
S92000003	2021-01-25	TotalNegative	Male	102591	480951	31547	48234	186182	143213	128620	48266	34234	15304
S92000003	2021-01-26	TotalPositive	Female	5304	74882	6548	8891	30555	28906	21042	5374	5028	5318
S92000003	2021-01-26	TotalDeaths	Female	0	130	0	2	15	194	2627	371	829	1346
S92000003	2021-01-26	TotalNegative	Female	90212	592243	37602	62655	242511	198232	159425	50686	40909	28861
S92000003	2021-01-26	TotalPositive	Male	5259	60818	5398	7499	24417	22928	17018	5558	4212	2565
S92000003	2021-01-26	TotalDeaths	Male	1	187	0	1	21	312	2852	608	1095	1001
S92000003	2021-01-26	TotalNegative	Male	102743	482296	31624	48360	186729	143785	129047	48456	34329	15317
S92000003	2021-01-27	TotalPositive	Female	5353	75417	6583	8949	30792	29111	21239	5420	5079	5369
S92000003	2021-01-27	TotalDeaths	Female	0	132	0	2	16	196	2673	380	839	1372
S92000003	2021-01-27	TotalNegative	Female	90410	594130	37718	62849	243285	199010	160014	50936	41023	28913
S92000003	2021-01-27	TotalPositive	Male	5308	61283	5429	7557	24611	23089	17147	5612	4237	2587
S92000003	2021-01-27	TotalDeaths	Male	1	189	0	1	21	315	2894	618	1109	1018
S92000003	2021-01-27	TotalNegative	Male	102949	484088	31730	48534	187475	144518	129652	48720	34460	15354
S92000003	2021-01-28	TotalPositive	Female	5384	75915	6614	9010	31006	29321	21406	5457	5124	5405
S92000003	2021-01-28	TotalDeaths	Female	0	135	0	2	17	199	2713	385	850	1395
S92000003	2021-01-28	TotalNegative	Female	90582	595816	37817	63030	244005	199664	160524	51143	41136	28963
S92000003	2021-01-28	TotalPositive	Male	5342	61710	5453	7605	24791	23251	17254	5651	4267	2604
S92000003	2021-01-28	TotalDeaths	Male	1	192	0	1	21	326	2930	626	1119	1028
S92000003	2021-01-28	TotalNegative	Male	103107	485684	31800	48721	188140	145176	130126	48916	34565	15385
S92000003	2021-01-29	TotalPositive	Female	5420	76387	6654	9070	31216	29472	21530	5491	5160	5434
S92000003	2021-01-29	TotalDeaths	Female	0	136	0	2	17	203	2744	391	856	1411
S92000003	2021-01-29	TotalNegative	Female	90760	597666	37899	63239	244793	200431	161040	51327	41241	29016
S92000003	2021-01-29	TotalPositive	Male	5369	62173	5485	7654	24990	23439	17350	5673	4294	2619
S92000003	2021-01-29	TotalDeaths	Male	1	193	0	1	21	330	2967	632	1138	1037
S92000003	2021-01-29	TotalNegative	Male	103262	487285	31886	48863	188859	145820	130553	49101	34637	15410
S92000003	2021-01-30	TotalPositive	Female	5455	76818	6682	9118	31388	29649	21656	5525	5191	5466
S92000003	2021-01-30	TotalDeaths	Female	0	140	0	2	17	208	2775	396	862	1430
S92000003	2021-01-30	TotalNegative	Female	90921	599694	38005	63425	245648	201344	161591	51539	41347	29056
S92000003	2021-01-30	TotalPositive	Male	5394	62510	5504	7693	25139	23564	17447	5712	4318	2633
S92000003	2021-01-30	TotalDeaths	Male	1	193	0	1	21	330	2992	637	1149	1046
S92000003	2021-01-30	TotalNegative	Male	103434	488937	31963	49041	189554	146481	131016	49305	34738	15437
S92000003	2021-01-31	TotalPositive	Female	5489	77217	6706	9165	31555	29802	21774	5552	5218	5504
S92000003	2021-01-31	TotalDeaths	Female	0	141	0	2	17	210	2777	396	862	1431
S92000003	2021-01-31	TotalNegative	Female	91016	601065	38070	63566	246271	201944	162114	51744	41452	29116
S92000003	2021-01-31	TotalPositive	Male	5428	62884	5527	7726	25309	23712	17557	5743	4344	2652
S92000003	2021-01-31	TotalDeaths	Male	1	194	0	1	21	331	2994	637	1149	1048
S92000003	2021-01-31	TotalNegative	Male	103546	490125	32042	49161	190080	146961	131416	49462	34824	15465
S92000003	2021-02-01	TotalPositive	Female	5526	77559	6730	9198	31693	29942	21866	5583	5236	5517
S92000003	2021-02-01	TotalDeaths	Female	0	141	0	2	17	211	2780	396	864	1431
S92000003	2021-02-01	TotalNegative	Female	91124	602283	38129	63680	246801	202492	162521	51874	41539	29165
S92000003	2021-02-01	TotalPositive	Male	5456	63209	5550	7746	25464	23843	17645	5768	4360	2667
S92000003	2021-02-01	TotalDeaths	Male	1	194	0	1	21	332	2997	638	1149	1049
S92000003	2021-02-01	TotalNegative	Male	103647	491135	32086	49259	190528	147390	131757	49583	34908	15491
S92000003	2021-02-02	TotalPositive	Female	5553	77857	6747	9227	31822	30060	21959	5608	5259	5540
S92000003	2021-02-02	TotalDeaths	Female	0	141	0	2	17	212	2808	400	877	1441
S92000003	2021-02-02	TotalNegative	Female	91217	603228	38171	63794	247184	202905	162908	52010	41655	29200
S92000003	2021-02-02	TotalPositive	Male	5477	63487	5560	7778	25583	23963	17734	5799	4383	2678
S92000003	2021-02-02	TotalDeaths	Male	1	195	0	1	21	335	3037	648	1167	1059
S92000003	2021-02-02	TotalNegative	Male	103771	492084	32138	49334	190910	147816	132122	49738	34975	15524
S92000003	2021-02-03	TotalPositive	Female	5595	78278	6774	9272	32009	30214	22087	5654	5285	5562
S92000003	2021-02-03	TotalDeaths	Female	0	145	0	2	17	216	2847	408	890	1459
S92000003	2021-02-03	TotalNegative	Female	91375	604764	38246	63918	247850	203563	163415	52196	41774	29257
S92000003	2021-02-03	TotalPositive	Male	5509	63825	5577	7815	25717	24107	17825	5828	4405	2692
S92000003	2021-02-03	TotalDeaths	Male	1	197	0	1	21	338	3080	659	1183	1074
S92000003	2021-02-03	TotalNegative	Male	103958	493541	32212	49488	191541	148349	132570	49923	35088	15552
