Date Updated:	Number of Care Sessions:	Number of Patients:	Age - means:	Age - Median:	Gender: Female:	Days from the onset of ICU care:	Congestive heart-lung disease:(%)	Chronic liver-kidney:(%)	Diabetes:(%)	hypertension:(%)	Some risk factors:(%)
2020-11-02 17:48	3767	2781	59.4 	61	762 	10.6 	25.1	5.8	24.5	40.2	77.4
2020-11-03 11:07	3780	2792	59.5	61	763	10.6	25.1	6.0	24.5	40.3	77.5
2020-11-04 12:40	3797	2806	59.5	61	766	10.6	25.1	6.0	24.4	40.3	77.5
2020-11-05 10:44	3815	2822	59.5	61	770	10.6	25.2	6.0	24.4	40.1	77.5
2020-11-06 10:44	3831	2832	59.5	61	772	10.6	25.2	6.0	24.4	40.3	77.6
2020-11-07 10:44	3841	2841	59.5	61	774	10.6	25.2	5.9	24.3	40.3	77.5
2020-11-08 10:44	3849	2846	59.5	61	777	10.6	25.2	5.9	24.3	40.2	77.5
2020-11-09 10:44	3888	2876	59.5	61	786	10.6	25.5	6.0	24.5	40.4	77.7
2020-11-10 10:43	3920	2901	59.6	61	795	10.6	25.7	6.0	24.5	40.7	77.9
2020-11-11 10:43	3934	2914	59.6	61	797	10.6	25.6	6.0	24.4	40.6	77.9
2020-11-12 10:43	3949	2926	59.6	61	801	10.6	25.6	6.0	24.4	40.7	77.9
2020-11-13 10:43	3973	2945	59.6	61	810	10.6	25.7	6.0	24.3	40.7	77.9
2020-11-14 10:43	3998	2964	59.6	61	816	10.6	25.7	6.0	24.2	40.7	77.9
2020-11-15 10:43	4009	2972	59.6	61	816	10.6	25.7	6.0	24.2	40.7	77.9
2020-11-16 10:43	4037	2998	59.6	61	827	10.6	25.9	6.0	24.3	41.0	78.0
2020-11-17 10:43	4066	3024	59.6	61	837	10.6	25.9	6.1	24.2	41.1	78.1
2020-11-18 10:43	4113	3057	59.7	61	845	10.6	25.9	6.1	24.3	41.1	78.2
2020-11-19 10:43	4134	3067	59.7	61	847	10.6	25.9	6.1	24.4	41.1	78.2
2020-11-20 10:43	4168	3094	59.7	61	857	10.6	26.1	6.1	24.3	41.2	78.2
2020-11-21 10:43	4195	3114	59.8	61	863	10.6	26.0	6.2	24.3	41.2	78.3
2020-11-22 10:43	4202	3121	59.8	61	864	10.6	26.0	6.2	24.4	41.3	78.3
2020-11-23 10:43	4239	3154	59.9	61	876	10.6	26.0	6.2	24.4	41.4	78.3
2020-11-24 10:43	4274	3185	59.9	61	883	10.6	26.1	6.2	24.6	41.4	78.4
2020-11-25 10:43	4319	3220	59.9	61	893	10.6	26.2	6.2	24.6	41.5	78.5
2020-11-26 10:43	4351	3237	59.9	61	901	10.6	26.3	6.2	24.7	41.3	78.6
2020-11-27 10:43	4383	3259	59.9	61	909	10.6	26.3	6.3	24.9	41.5	78.6
2020-11-28 10:43	4408	3276	59.9	61	913	10.6	26.5	6.3	24.9	41.5	78.5
2020-11-29 10:44	4420	3287	59.9	61	918	10.6	26.6	6.4	24.9	41.5	78.6
2020-11-30 10:46	4465	3327	60.0	61	929	10.6	26.6	6.4	24.9	41.6	78.7
2020-12-01 10:47	4508	3358	60.0	62	940	10.6	26.6	6.5	25.0	41.8	78.8
2020-12-02 10:47	4536	3378	60.0	62	950	10.6	26.6	6.5	25.0	41.9	78.8
2020-12-03 10:47	4584	3416	60.1	62	961	10.6	26.8	6.4	24.9	42.0	78.9
2020-12-04 10:51	4608	3433	60.1	62	965	10.6	26.9	6.4	24.8	42.0	78.9
2020-12-05 10:47	4627	3449	60.1	62	973	10.6	26.9	6.4	24.8	42.0	78.9
2020-12-06 10:48	4651	3470	60.1	62	975	10.6	27.1	6.4	24.9	42.0	79.0
2020-12-07 10:48	4672	3487	60.1	62	980	10.6	27.1	6.5	25.0	42.1	79.1
2020-12-08 10:49	4717	3523	60.1	62	988	10.6	27.2	6.5	25.0	42.2	79.0
2020-12-09 10:49	4749	3551	60.2	62	997	10.6	27.2	6.5	25.0	42.4	79.1
2020-12-10 10:51	4774	3569	60.2	62	1002	10.6	27.2	6.5	24.9	42.4	79.1
2020-12-11 10:50	4813	3598	60.2	62	1015	10.6	27.2	6.5	25.0	42.4	79.2
2020-12-12 10:50	4835	3617	60.3	62	1020	10.6	27.2	6.5	25.0	42.5	79.2
2020-12-13 10:52	4845	3626	60.3	62	1023	10.6	27.2	6.5	25.1	42.5	79.3
2020-12-14 10:53	4876	3653	60.3	62	1031	10.6	27.3	6.5	25.1	42.5	79.3
2020-12-15 10:51	4930	3691	60.3	62	1041	10.6	27.5	6.5	25.3	42.6	79.4
2020-12-16 10:55	4971	3724	60.4	62	1055	10.6	27.6	6.4	25.3	42.7	79.4
2020-12-17 10:52	5003	3748	60.4	62	1061	10.6	27.8	6.5	25.3	42.7	79.4
2020-12-18 10:55	5040	3772	60.3	62	1071	10.6	27.8	6.4	25.4	42.7	79.5
2020-12-19 10:54	5075	3801	60.4	62	1079	10.6	27.9	6.4	25.4	42.8	79.5
2020-12-20 10:53	5091	3810	60.4	62	1081	10.6	28.0	6.4	25.5	42.9	79.6
2020-12-21 10:56	5124	3834	60.4	62	1091	10.6	28.0	6.4	25.5	42.8	79.5
2020-12-22 10:59	5181	3878	60.4	62	1107	10.6	28.2	6.5	25.7	42.8	79.7
2020-12-23 11:00	5233	3914	60.5	62	1114	10.6	28.2	6.6	25.7	42.8	79.7
2020-12-24 11:01	5254	3932	60.5	62	1119	10.6	28.1	6.5	25.7	42.8	79.8
2020-12-25 11:00	5274	3949	60.5	62	1128	10.6	28.2	6.6	25.8	42.9	79.9
2020-12-26 11:00	5295	3964	60.6	62	1131	10.6	28.2	6.6	25.8	43.0	79.9
2020-12-27 11:01	5322	3987	60.6	62	1139	10.6	28.3	6.6	25.8	43.1	80.0
2020-12-28 11:02	5359	4018	60.6	62	1147	10.6	28.3	6.6	25.9	43.2	80.1
2020-12-29 11:02	5415	4063	60.6	62	1163	10.6	28.5	6.6	25.9	43.3	80.2
2020-12-30 11:03	5488	4115	60.6	62	1176	10.6	28.6	6.7	26.0	43.3	80.2
2020-12-31 11:05	5540	4145	60.7	62	1184	10.6	28.7	6.8	26.0	43.3	80.4
2021-01-01 11:04	5563	4164	60.7	62	1188	10.6	28.7	6.8	26.0	43.4	80.4
2021-01-02 11:04	5596	4195	60.7	62	1194	10.6	28.7	6.8	26.0	43.4	80.5
2021-01-03 11:05	5614	4210	60.8	62	1197	10.6	28.8	6.8	26.0	43.4	80.5
2021-01-04 11:08	5668	4247	60.8	62	1209	10.6	28.9	6.8	26.0	43.7	80.7
2021-01-05 11:10	5723	4289	60.9	62	1222	10.6	29.0	6.8	26.2	43.8	80.8
2021-01-06 11:10	5769	4322	60.9	62	1231	10.6	29.1	6.8	26.2	43.9	80.8
2021-01-07 11:11	5808	4349	60.9	62	1241	10.7	29.1	6.9	26.3	43.9	80.9
2021-01-08 11:12	5866	4390	61.0	63	1255	10.7	29.0	6.9	26.3	43.9	81.0
2021-01-09 11:12	5895	4411	61.0	63	1261	10.7	29.0	6.8	26.3	44.0	81.0
2021-01-10 11:13	5908	4422	61.0	63	1264	10.7	29.0	6.9	26.4	44.1	81.0
2021-01-11 11:18	5939	4448	61.0	63	1273	10.7	29.1	6.8	26.4	44.1	81.0
2021-01-12 11:19	6013	4499	61.1	63	1290	10.7	29.1	6.9	26.5	44.1	81.1
2021-01-13 11:28	6062	4527	61.1	63	1294	10.7	29.2	6.9	26.5	44.1	81.2
2021-01-14 11:29	6100	4555	61.1	63	1299	10.7	29.3	6.9	26.6	44.1	81.3
2021-01-15 11:28	6142	4580	61.1	63	1306	10.7	29.4	6.9	26.6	44.1	81.3
2021-01-16 11:27	6162	4597	61.2	63	1308	10.7	29.4	6.9	26.6	44.1	81.4
2021-01-17 11:26	6174	4606	61.2	63	1310	10.7	29.4	6.9	26.6	44.1	81.4
2021-01-18 11:31	6213	4634	61.2	63	1322	10.7	29.5	7.0	26.6	44.4	81.5
2021-01-19 11:32	6260	4670	61.2	63	1326	10.7	29.4	7.0	26.6	44.4	81.5
2021-01-20 11:32	6300	4693	61.3	63	1333	10.7	29.4	7.0	26.6	44.4	81.5
2021-01-21 11:32	6321	4713	61.3	63	1341	10.7	29.4	7.0	26.6	44.4	81.5
2021-01-22 11:31	6348	4728	61.2	63	1345	10.7	29.4	7.0	26.6	44.4	81.5
2021-01-23 11:28	6369	4743	61.2	63	1351	10.8	29.4	7.0	26.6	44.4	81.6
2021-01-24 11:28	6372	4745	61.2	63	1352	10.8	29.4	7.0	26.6	44.4	81.6
2021-01-25 11:32	6401	4767	61.3	63	1360	10.8	29.5	7.0	26.6	44.5	81.6
2021-01-26 10:58	6428	4788	61.3	63	1366	10.8	29.5	7.0	26.6	44.4	81.7
2021-01-27 10:58	6452	4806	61.3	63	1370	10.7	29.5	7.0	26.6	44.3	81.7
2021-01-28 11:02	6478	4824	61.3	63	1376	10.7	29.5	7.0	26.6	44.4	81.8
2021-01-29 11:00	6500	4842	61.3	63	1380	10.7	29.5	7.0	26.5	44.4	81.7
2021-01-30 10:58	6515	4851	61.3	63	1383	10.7	29.5	7.0	26.6	44.4	81.7
2021-01-31 10:58	6526	4859	61.3	63	1384	10.7	29.6	7.0	26.5	44.5	81.7
2021-02-01 11:00	6545	4873	61.3	63	1386	10.7	29.5	7.0	26.6	44.4	81.7
2021-02-02 11:00	6567	4886	61.3	63	1392	10.7	29.6	7.0	26.5	44.5	81.7
2021-02-03 10:54	6578	4892	61.3	63	1393	10.7	29.6	7.0	26.6	44.4	81.7
2021-02-04 10:50	6622	4925	61.3	63	1404	10.7	29.6	7.0	26.5	44.6	81.8
2021-02-05 10:52	6635	4937	61.3	63	1408	10.7	29.6	7.0	26.5	44.6	81.8
2021-02-06 10:49	6658	4956	61.3	63	1411	10.7	29.6	7.0	26.5	44.6	81.8
2021-02-07 10:50	6661	4959	61.3	63	1411	10.7	29.6	7.0	26.5	44.6	81.8
2021-02-08 10:53	6691	4986	61.3	63	1419	10.8	29.7	7.0	26.5	44.7	81.9
2021-02-09 10:52	6716	5006	61.3	63	1422	10.8	29.6	7.1	26.5	44.7	81.9
2021-02-10 10:52	6746	5030	61.4	63	1427	10.8	29.7	7.1	26.5	44.8	81.9
2021-02-11 10:51	6774	5049	61.4	63	1432	10.8	29.7	7.1	26.4	44.7	81.9
2021-02-12 10:50	6797	5063	61.4	63	1434	10.8	29.7	7.0	26.5	44.7	81.9
2021-02-13 10:50	6813	5074	61.4	63	1436	10.8	29.7	7.0	26.5	44.7	81.9
2021-02-14 10:50	6827	5085	61.4	63	1438	10.7	29.7	7.0	26.5	44.7	81.9
2021-02-15 10:57	6850	5098	61.4	63	1439	10.7	29.7	7.0	26.5	44.7	81.9
2021-02-16 10:50	6878	5119	61.4	63	1443	10.8	29.8	7.1	26.5	44.8	81.9
2021-02-17 10:53	6904	5137	61.4	63	1449	10.7	29.8	7.0	26.5	44.8	82.0
2021-02-18 10:52	6921	5150	61.4	63	1452	10.8	29.7	7.0	26.5	44.8	81.9
2021-02-19 10:50	6936	5163	61.4	63	1460	10.7	29.8	7.0	26.5	44.8	81.9
2021-02-20 10:50	6955	5175	61.4	63	1463	10.7	29.8	7.0	26.5	44.8	82.0
2021-02-21 10:50	6968	5186	61.4	63	1468	10.7	29.8	7.1	26.5	44.9	82.0
2021-02-22 10:45	6986	5200	61.4	63	1475	10.7	29.8	7.1	26.5	44.9	82.0
2021-02-23 10:51	7014	5221	61.4	63	1477	10.7	29.8	7.1	26.6	44.9	82.0
2021-02-24 10:51	7046	5245	61.4	63	1485	10.7	29.8	7.1	26.6	44.8	82.0
2021-02-25 10:56	7076	5264	61.4	63	1490	10.7	29.8	7.1	26.6	44.9	82.0
2021-02-26 10:56	7108	5283	61.4	63	1495	10.8	29.8	7.1	26.7	44.9	82.1
2021-02-27 10:50	7124	5292	61.4	63	1498	10.8	29.8	7.1	26.7	45.0	82.1
2021-02-28 10:51	7134	5299	61.4	63	1501	10.8	29.9	7.1	26.7	45.0	82.1
2021-03-01 11:32	7156	5317	61.4	63	1507	10.8	29.9	7.1	26.7	45.0	82.1
2021-03-02 10:47	7194	5345	61.4	63	1519	10.8	29.8	7.1	26.7	44.9	82.1
2021-03-03 10:51	7221	5364	61.4	63	1525	10.8	29.8	7.0	26.6	44.8	82.1
2021-03-04 10:51	7250	5384	61.4	63	1530	10.8	29.8	7.0	26.6	44.8	82.1
2021-03-05 10:51	7276	5406	61.4	63	1537	10.8	29.8	7.0	26.6	44.7	82.1
2021-03-06 10:51	7304	5421	61.4	63	1539	10.8	29.8	7.0	26.6	44.7	82.1
2021-03-07 10:51	7325	5441	61.4	63	1549	10.8	29.8	7.0	26.5	44.8	82.0
2021-03-08 10:52	7350	5461	61.4	63	1556	10.8	29.8	7.1	26.5	44.8	82.1
2021-03-09 10:52	7384	5486	61.4	63	1566	10.8	29.8	7.1	26.5	44.8	82.0
2021-03-10 10:52	7406	5506	61.4	63	1568	10.8	29.9	7.1	26.5	44.8	82.0
2021-03-11 10:52	7422	5518	61.4	63	1574	10.8	29.9	7.0	26.5	44.8	82.0
2021-03-12 10:52	7462	5546	61.4	63	1588	10.8	29.9	7.1	26.5	44.9	82.0
2021-03-13 10:52	7482	5559	61.4	63	1595	10.8	29.9	7.1	26.5	44.8	82.0
2021-03-14 10:52	7501	5572	61.4	63	1597	10.8	29.8	7.1	26.5	44.8	82.0
2021-03-15 10:51	7531	5596	61.3	63	1606	10.8	29.8	7.1	26.5	44.8	82.0
2021-03-16 10:51	7582	5633	61.3	63	1621	10.8	29.8	7.1	26.4	44.8	82.0
2021-03-17 10:53	7633	5678	61.4	63	1631	10.8	29.8	7.1	26.5	44.9	82.0
2021-03-18 10:52	7668	5703	61.4	63	1638	10.8	29.7	7.1	26.5	44.9	82.0
2021-03-19 10:52	7689	5719	61.4	63	1645	10.8	29.7	7.1	26.5	44.9	82.0
2021-03-20 10:52	7704	5729	61.4	63	1648	10.8	29.8	7.1	26.5	44.9	82.0
2021-03-21 10:52	7725	5745	61.4	63	1654	10.8	29.8	7.1	26.6	44.9	82.0
2021-03-22 10:54	7757	5770	61.4	63	1662	10.8	29.8	7.0	26.5	45.0	81.9
2021-03-23 10:54	7814	5815	61.4	63	1680	10.8	29.7	7.0	26.4	45.0	81.9
2021-03-24 11:04	7857	5845	61.4	63	1686	10.8	29.8	7.0	26.4	44.9	81.9
2021-03-25 10:58	7895	5873	61.4	63	1696	10.8	29.8	7.0	26.4	45.0	82.0
2021-03-26 10:57	7930	5901	61.3	63	1705	10.8	29.8	7.0	26.3	44.9	82.0
2021-03-27 10:55	7952	5915	61.3	63	1709	10.8	29.8	7.0	26.3	45.0	81.9
2021-03-28 11:55	7974	5929	61.3	63	1713	10.8	29.7	7.0	26.3	44.9	81.9
2021-03-29 11:58	8012	5954	61.3	63	1722	10.8	29.7	7.0	26.3	44.9	82.0
2021-03-30 11:56	8060	5987	61.3	63	1735	10.8	29.6	7.0	26.3	44.9	82.0
2021-03-31 11:56	8101	6018	61.3	63	1746	10.8	29.6	7.0	26.3	44.9	82.0
2021-04-01 11:56	8147	6051	61.3	63	1752	10.8	29.8	7.0	26.3	44.8	82.0
2021-04-02 11:56	8183	6076	61.3	63	1757	10.8	29.8	7.0	26.3	44.8	82.0
2021-04-03 11:55	8210	6096	61.3	63	1760	10.8	29.8	7.0	26.3	44.8	82.0
2021-04-04 11:55	8234	6116	61.3	63	1765	10.8	29.8	7.0	26.3	44.8	82.0
2021-04-05 11:56	8249	6129	61.3	63	1769	10.8	29.8	7.0	26.3	44.8	82.1
2021-04-06 11:56	8325	6189	61.4	63	1784	10.8	29.7	7.0	26.3	44.9	82.1
2021-04-07 11:56	8387	6238	61.3	63	1796	10.8	29.7	7.0	26.3	44.9	82.0
2021-04-08 11:55	8420	6261	61.3	63	1805	10.8	29.7	6.9	26.3	44.9	82.0
2021-04-09 11:56	8509	6330	61.3	63	1823	10.8	29.7	6.9	26.1	44.9	82.1
2021-04-10 11:54	8538	6351	61.3	63	1831	10.8	29.7	6.9	26.2	44.9	82.1
2021-04-11 11:54	8561	6372	61.3	63	1839	10.8	29.7	6.9	26.1	45.0	82.1
2021-04-12 11:56	8618	6418	61.3	63	1861	10.8	29.8	6.9	26.1	45.0	82.1
2021-04-13 11:56	8676	6464	61.3	63	1873	10.8	29.8	6.9	26.1	45.0	82.1
2021-04-14 11:53	8722	6502	61.3	63	1883	10.8	29.8	6.9	26.1	45.1	82.1
2021-04-15 11:54	8785	6547	61.4	63	1895	10.8	29.8	6.9	26.1	45.2	82.1
2021-04-16 11:55	8843	6592	61.3	63	1913	10.8	29.9	6.9	26.1	45.2	82.1
2021-04-17 11:54	8858	6608	61.3	63	1917	10.8	29.9	7.0	26.1	45.2	82.1
2021-04-18 11:54	8896	6630	61.3	63	1925	10.8	29.8	6.9	26.1	45.3	82.1
2021-04-19 11:54	8958	6674	61.3	63	1941	10.9	29.9	6.9	26.0	45.3	82.1
2021-04-20 11:55	9019	6725	61.3	63	1964	10.9	29.8	6.9	26.0	45.2	82.0
2021-04-21 11:55	9089	6777	61.3	63	1981	10.9	29.8	6.8	26.0	45.2	82.0
2021-04-22 11:55	9121	6799	61.3	63	1987	10.9	29.8	6.9	26.0	45.2	82.0
2021-04-23 11:56	9174	6835	61.3	63	2000	10.9	29.7	6.8	26.0	45.2	81.9
2021-04-24 11:55	9192	6848	61.3	63	2006	10.9	29.7	6.8	25.9	45.2	81.9
2021-04-25 11:56	9207	6862	61.3	63	2010	10.9	29.7	6.8	25.9	45.2	81.9
2021-04-26 11:56	9249	6897	61.3	63	2020	10.9	29.7	6.8	25.9	45.2	81.9
2021-04-27 11:54	9312	6941	61.3	63	2035	10.9	29.6	6.8	25.8	45.1	81.8
2021-04-28 11:55	9362	6980	61.3	63	2049	10.9	29.6	6.8	25.8	45.2	81.9
2021-04-29 11:53	9395	7001	61.3	63	2055	10.9	29.6	6.8	25.8	45.2	81.9
2021-04-30 11:53	9430	7023	61.3	63	2058	10.9	29.6	6.8	25.8	45.2	81.9
2021-05-01 11:53	9460	7046	61.3	63	2069	10.9	29.7	6.8	25.7	45.2	81.9
2021-05-02 11:53	9485	7064	61.3	63	2074	10.9	29.7	6.8	25.7	45.2	82.0
2021-05-03 11:54	9547	7104	61.3	63	2086	10.9	29.8	6.8	25.7	45.1	82.0
2021-05-04 11:53	9618	7152	61.3	63	2106	10.9	29.8	6.7	25.7	45.1	81.9
2021-05-05 11:52	9657	7177	61.3	63	2114	10.9	29.7	6.7	25.7	45.1	81.9
2021-05-06 11:53	9694	7202	61.3	63	2122	10.9	29.7	6.7	25.6	45.1	81.9
2021-05-07 11:52	9738	7233	61.2	63	2129	10.9	29.8	6.7	25.6	45.0	81.9
2021-05-08 11:52	9760	7249	61.2	63	2137	10.9	29.8	6.7	25.6	45.0	81.9
2021-05-09 11:53	9784	7269	61.2	63	2147	10.9	29.8	6.7	25.7	45.0	81.8
2021-05-10 11:54	9829	7303	61.2	63	2156	10.9	29.8	6.7	25.6	45.0	81.8
2021-05-11 11:53	9867	7327	61.2	63	2161	10.9	29.8	6.7	25.6	45.0	81.8
2021-05-12 11:55	9912	7368	61.2	63	2181	10.9	29.8	6.7	25.5	45.0	81.7
2021-05-13 11:56	9928	7379	61.2	63	2184	10.9	29.8	6.7	25.6	45.0	81.7
2021-05-14 11:56	9943	7390	61.2	63	2186	10.9	29.8	6.7	25.6	44.9	81.7
2021-05-15 11:55	9967	7410	61.2	63	2190	10.9	29.8	6.7	25.6	45.0	81.8
2021-05-17 11:57	10005	7433	61.2	63	2199	10.9	29.8	6.7	25.7	45.0	81.7
2021-05-18 11:56	10021	7447	61.1	63	2202	10.9	29.8	6.7	25.7	44.9	81.7
2021-05-19 11:55	10044	7466	61.1	63	2208	10.9	29.8	6.7	25.7	45.0	81.7
2021-05-20 11:56	10062	7477	61.1	63	2212	10.9	29.8	6.7	25.7	45.0	81.7
2021-05-21 11:57	10079	7488	61.1	63	2217	10.9	29.7	6.7	25.7	45.0	81.7
2021-05-22 11:58	10088	7493	61.1	63	2220	10.9	29.7	6.7	25.7	45.0	81.7
2021-05-23 11:56	10096	7499	61.1	63	2221	10.9	29.8	6.7	25.7	45.0	81.7
2021-05-24 11:59	10127	7529	61.1	63	2233	10.9	29.8	6.7	25.7	45.0	81.7
2021-05-25 12:03	10144	7542	61.1	63	2235	10.9	29.7	6.7	25.7	45.0	81.7
2021-05-26 12:08	10160	7554	61.1	63	2240	10.9	29.7	6.7	25.7	45.0	81.7
2021-05-27 12:19	10182	7566	61.1	63	2243	10.9	29.8	6.7	25.7	45.0	81.7
2021-05-28 12:25	10195	7574	61.1	63	2246	10.9	29.7	6.7	25.6	45.0	81.7
2021-05-29 12:26	10207	7583	61.1	63	2247	10.9	29.8	6.7	25.6	44.9	81.6
2021-05-30 12:27	10209	7585	61.1	63	2248	10.9	29.8	6.7	25.6	44.9	81.6
2021-05-31 12:28	10219	7592	61.1	63	2252	10.9	29.8	6.7	25.6	44.9	81.6
2021-06-01 12:36	10233	7602	61.1	63	2255	10.9	29.8	6.7	25.6	44.9	81.6
2021-06-02 13:02	10245	7610	61.1	63	2257	10.9	29.7	6.7	25.6	44.9	81.6
2021-06-03 12:31	10248	7610	61.1	63	2256	10.9	29.7	6.7	25.6	44.9	81.6
2021-06-04 12:59	10256	7614	61.1	63	2256	10.9	29.7	6.7	25.6	44.9	81.6
2021-06-05 12:26	10258	7615	61.1	63	2256	10.9	29.7	6.7	25.6	44.9	81.6
2021-06-06 12:24	10261	7617	61.1	63	2257	10.9	29.7	6.7	25.6	44.9	81.6
2021-06-07 12:39	10264	7620	61.0	63	2257	10.9	29.7	6.7	25.6	44.9	81.5
2021-06-09 11:54	10281	7636	61.0	63	2262	10.9	29.7	6.7	25.6	44.8	81.5
2021-06-10 11:54	10290	7643	61.0	63	2265	10.9	29.7	6.7	25.6	44.8	81.5
2021-06-11 11:51	10299	7648	61.0	63	2265	10.9	29.7	6.7	25.6	44.8	81.5
2021-06-12 11:50	10305	7653	61.0	63	2266	10.9	29.7	6.7	25.6	44.8	81.5
2021-06-13 11:50	10307	7654	61.0	63	2267	10.9	29.7	6.7	25.6	44.8	81.5
2021-06-14 11:51	10313	7656	61.0	63	2268	10.9	29.6	6.6	25.6	44.8	81.5
2021-06-15 11:51	10320	7661	61.0	63	2270	10.9	29.6	6.6	25.6	44.7	81.5
2021-06-16 11:52	10322	7663	61.0	63	2270	10.9	29.6	6.6	25.6	44.7	81.5
2021-06-17 11:52	10328	7666	61.0	63	2270	10.9	29.6	6.6	25.6	44.7	81.5
2021-06-18 11:51	10322	7661	61.0	63	2267	10.9	29.6	6.6	25.6	44.7	81.5
2021-06-19 11:51	10316	7659	61.0	63	2267	10.9	29.6	6.6	25.6	44.7	81.5
2021-06-20 11:50	10307	7659	61.0	63	2268	10.9	29.5	6.7	25.5	44.7	81.5
2021-06-21 11:51	10298	7657	61.0	63	2268	10.9	29.5	6.6	25.5	44.7	81.5
2021-06-22 11:51	10299	7657	61.0	63	2269	10.9	29.5	6.6	25.5	44.7	81.5
2021-06-23 11:49	10301	7659	61.0	63	2270	10.9	29.5	6.6	25.5	44.7	81.4
2021-06-24 11:47	10313	7668	60.9	63	2273	10.9	29.5	6.6	25.5	44.6	81.4
2021-06-25 11:48	10314	7669	60.9	63	2270	10.9	29.5	6.6	25.5	44.6	81.4
2021-06-26 11:48	10315	7669	60.9	63	2270	10.9	29.5	6.6	25.5	44.6	81.4
2021-06-27 11:48	10316	7670	60.9	63	2270	10.9	29.5	6.6	25.5	44.6	81.4
2021-06-28 11:49	10320	7672	60.9	63	2275	10.9	29.5	6.6	25.5	44.6	81.4
2021-06-29 11:49	10320	7671	60.9	63	2274	10.9	29.5	6.6	25.5	44.6	81.4
2021-06-30 11:49	10323	7673	60.9	63	2276	10.9	29.5	6.6	25.5	44.6	81.4
2021-07-01 11:48	10323	7673	60.9	63	2276	10.9	29.5	6.6	25.5	44.6	81.4
2021-07-02 11:47	10324	7674	60.9	63	2277	10.9	29.5	6.6	25.5	44.6	81.4
2021-07-03 11:47	10325	7675	60.9	63	2278	10.9	29.5	6.6	25.5	44.6	81.4
2021-07-04 11:47	10326	7675	60.9	63	2278	10.9	29.5	6.6	25.5	44.6	81.4
2021-07-05 11:48	10328	7675	60.9	63	2278	10.9	29.5	6.6	25.5	44.6	81.4
2021-07-06 11:47	10334	7678	60.9	63	2278	10.9	29.5	6.6	25.5	44.6	81.4
2021-07-07 11:48	10334	7678	60.9	63	2278	10.9	29.5	6.6	25.5	44.6	81.4
2021-07-08 11:48	10334	7678	60.9	63	2278	10.9	29.5	6.6	25.5	44.6	81.4
2021-07-09 11:47	10335	7679	60.9	63	2278	10.9	29.5	6.6	25.5	44.6	81.4
2021-07-10 11:47	10335	7679	60.9	63	2278	10.9	29.5	6.6	25.5	44.6	81.4
2021-07-11 11:47	10335	7679	60.9	63	2278	10.9	29.5	6.6	25.5	44.6	81.4
2021-07-12 11:47	10337	7681	60.9	63	2280	10.9	29.5	6.6	25.5	44.6	81.4
2021-07-13 11:48	10339	7682	60.9	63	2281	10.9	29.5	6.6	25.5	44.5	81.4
2021-07-14 11:47	10341	7684	60.9	63	2282	10.9	29.5	6.6	25.5	44.5	81.4
2021-07-15 11:48	10342	7685	60.9	63	2282	10.9	29.5	6.6	25.5	44.5	81.4
2021-07-16 11:47	10344	7687	60.9	63	2283	10.9	29.5	6.6	25.5	44.5	81.4
2021-07-17 11:47	10344	7687	60.9	63	2283	10.9	29.5	6.6	25.5	44.5	81.4
2021-07-18 11:47	10345	7688	60.9	63	2284	10.9	29.5	6.6	25.5	44.5	81.4
2021-07-19 11:48	10347	7690	60.9	63	2285	10.9	29.5	6.6	25.5	44.5	81.4
2021-07-20 11:48	10348	7691	60.9	63	2285	10.9	29.5	6.6	25.5	44.5	81.4
2021-07-21 11:48	10350	7692	60.9	63	2285	10.9	29.5	6.6	25.5	44.5	81.3
2021-07-22 11:47	10350	7692	60.9	63	2285	10.9	29.5	6.6	25.5	44.5	81.3
2021-07-23 11:47	10351	7693	60.9	63	2285	10.9	29.5	6.6	25.5	44.5	81.3
2021-07-24 11:47	10351	7693	60.9	63	2285	10.9	29.5	6.6	25.5	44.5	81.3
2021-07-25 11:47	10352	7694	60.9	63	2285	10.9	29.5	6.6	25.4	44.5	81.3
2021-07-26 12:09	10352	7694	60.9	63	2285	10.9	29.5	6.6	25.4	44.5	81.3
2021-07-27 11:48	10354	7695	60.9	63	2286	10.9	29.5	6.6	25.4	44.5	81.3
2021-07-28 11:48	10356	7696	60.9	63	2286	10.9	29.5	6.6	25.4	44.5	81.3
2021-07-29 11:48	10359	7698	60.9	63	2286	10.9	29.5	6.6	25.4	44.5	81.3
2021-07-30 11:48	10364	7702	60.9	63	2288	10.9	29.4	6.6	25.4	44.5	81.3
2021-07-31 11:47	10366	7703	60.9	63	2288	10.9	29.5	6.6	25.4	44.5	81.3
2021-08-01 11:47	10366	7703	60.9	63	2288	10.9	29.5	6.6	25.4	44.5	81.3
2021-08-02 11:47	10366	7703	60.9	63	2288	10.9	29.5	6.6	25.4	44.5	81.3
2021-08-03 11:47	10375	7712	60.8	63	2290	10.9	29.4	6.6	25.4	44.5	81.3
2021-08-04 11:47	10379	7714	60.8	63	2290	10.9	29.5	6.6	25.4	44.5	81.3
2021-08-05 11:47	10384	7718	60.8	63	2292	10.9	29.5	6.6	25.4	44.4	81.3
2021-08-06 11:47	10389	7723	60.8	63	2295	10.9	29.5	6.6	25.4	44.4	81.2
2021-08-07 11:46	10390	7723	60.8	63	2295	10.9	29.5	6.6	25.4	44.4	81.2
2021-08-08 11:46	10390	7723	60.8	63	2295	10.9	29.5	6.6	25.4	44.4	81.2
2021-08-09 11:47	10399	7731	60.8	63	2296	10.9	29.4	6.6	25.4	44.4	81.2
2021-08-10 11:46	10407	7738	60.8	63	2300	10.9	29.4	6.6	25.4	44.4	81.2
2021-08-11 11:47	10410	7741	60.8	63	2301	10.9	29.4	6.6	25.4	44.4	81.2
2021-08-12 11:47	10415	7745	60.8	63	2303	10.9	29.4	6.6	25.4	44.4	81.2
2021-08-13 11:46	10417	7747	60.8	63	2304	10.9	29.4	6.6	25.4	44.4	81.2
2021-08-14 11:46	10418	7748	60.8	63	2305	10.9	29.4	6.6	25.4	44.5	81.2
2021-08-15 11:46	10418	7748	60.8	63	2305	10.9	29.4	6.6	25.4	44.5	81.2
2021-08-16 11:46	10423	7752	60.8	63	2307	10.9	29.4	6.6	25.4	44.4	81.2
2021-08-17 11:47	10428	7753	60.8	63	2309	10.9	29.4	6.6	25.4	44.4	81.2
2021-08-18 11:46	10435	7758	60.8	63	2313	10.9	29.4	6.6	25.4	44.4	81.2
2021-08-19 11:46	10439	7761	60.8	63	2314	10.9	29.4	6.6	25.4	44.4	81.2
2021-08-20 11:46	10445	7766	60.8	63	2316	10.9	29.4	6.6	25.4	44.4	81.2
2021-08-21 11:46	10451	7770	60.8	63	2317	10.9	29.4	6.6	25.4	44.4	81.2
2021-08-22 11:46	10453	7771	60.8	63	2317	10.9	29.4	6.6	25.4	44.4	81.2
2021-08-23 11:46	10459	7777	60.8	63	2319	10.9	29.4	6.6	25.4	44.4	81.2
2021-08-24 11:46	10465	7781	60.8	63	2321	10.9	29.3	6.6	25.4	44.4	81.2
2021-08-25 11:46	10466	7785	60.8	63	2323	10.9	29.3	6.6	25.4	44.4	81.2
2021-08-26 11:46	10474	7793	60.8	63	2327	10.9	29.3	6.6	25.4	44.3	81.2
2021-08-27 11:46	10482	7801	60.8	63	2330	10.9	29.3	6.6	25.4	44.3	81.2
2021-08-28 11:46	10484	7803	60.8	63	2331	10.9	29.3	6.6	25.4	44.3	81.1
2021-08-29 11:46	10483	7803	60.8	63	2331	10.9	29.3	6.6	25.4	44.3	81.1
2021-08-30 11:46	10493	7812	60.8	63	2335	10.9	29.2	6.6	25.5	44.4	81.1
2021-08-31 11:46	10506	7818	60.7	63	2337	10.9	29.2	6.6	25.5	44.4	81.1
2021-09-01 11:46	10514	7825	60.7	63	2340	10.9	29.2	6.6	25.4	44.4	81.1
2021-09-02 11:47	10520	7830	60.7	63	2341	10.9	29.2	6.6	25.4	44.3	81.1
2021-09-03 11:46	10527	7836	60.7	63	2344	10.9	29.2	6.6	25.5	44.3	81.1
2021-09-04 11:46	10535	7844	60.7	63	2347	10.9	29.2	6.6	25.5	44.3	81.1
2021-09-05 11:46	10542	7849	60.7	63	2349	10.9	29.2	6.7	25.5	44.3	81.1
2021-09-06 11:46	10550	7857	60.7	63	2352	10.9	29.2	6.6	25.5	44.3	81.1
2021-09-07 11:46	10554	7861	60.7	63	2354	10.9	29.1	6.6	25.5	44.3	81.1
2021-09-08 11:46	10561	7868	60.7	63	2357	10.9	29.1	6.6	25.5	44.3	81.1
2021-09-09 11:46	10570	7876	60.7	63	2358	10.9	29.1	6.6	25.4	44.3	81.1
2021-09-10 11:46	10574	7880	60.7	63	2359	10.9	29.1	6.6	25.4	44.3	81.1
2021-09-11 11:46	10575	7881	60.7	63	2359	10.9	29.1	6.6	25.4	44.3	81.1
2021-09-12 11:46	10576	7882	60.7	63	2359	10.9	29.1	6.6	25.4	44.3	81.1
2021-09-13 11:47	10581	7886	60.7	63	2361	10.9	29.1	6.6	25.5	44.3	81.1
2021-09-14 11:46	10590	7893	60.7	63	2364	10.9	29.1	6.6	25.4	44.3	81.1
2021-09-15 11:46	10593	7897	60.7	63	2366	10.9	29.1	6.6	25.5	44.3	81.1
2021-09-16 11:46	10599	7901	60.7	63	2367	10.9	29.1	6.6	25.5	44.3	81.1
2021-09-17 11:46	10601	7903	60.7	63	2367	10.9	29.1	6.6	25.5	44.2	81.1
2021-09-18 11:46	10603	7904	60.7	63	2367	10.9	29.1	6.6	25.5	44.2	81.1
2021-09-19 11:46	10609	7910	60.7	63	2369	10.9	29.1	6.6	25.5	44.3	81.1
2021-09-20 11:46	10617	7918	60.7	63	2373	10.9	29.1	6.6	25.5	44.3	81.1
2021-09-21 11:46	10631	7923	60.7	63	2375	10.9	29.1	6.6	25.4	44.3	81.0
2021-09-22 11:46	10635	7927	60.7	63	2376	10.9	29.1	6.6	25.4	44.2	81.0
2021-09-23 11:46	10638	7930	60.7	63	2377	10.9	29.1	6.6	25.5	44.2	81.0
2021-09-24 11:46	10644	7934	60.7	63	2379	10.9	29.1	6.6	25.5	44.3	81.1
2021-09-25 11:46	10645	7935	60.7	63	2379	10.9	29.1	6.6	25.5	44.3	81.0
2021-09-26 11:46	10646	7936	60.7	63	2379	10.9	29.1	6.6	25.5	44.3	81.0
2021-09-27 11:46	10649	7939	60.7	63	2381	10.9	29.1	6.6	25.4	44.3	81.0
2021-09-28 11:46	10655	7945	60.7	63	2383	10.9	29.1	6.6	25.4	44.3	81.0
2021-09-29 11:46	10660	7950	60.7	63	2383	10.9	29.1	6.6	25.4	44.3	81.0
2021-09-30 11:46	10664	7955	60.7	63	2384	10.9	29.1	6.6	25.4	44.3	81.0
2021-10-01 11:46	10665	7956	60.7	63	2384	10.9	29.1	6.6	25.4	44.3	81.0
2021-10-02 11:47	10666	7957	60.7	63	2384	10.9	29.1	6.6	25.4	44.3	81.0
2021-10-03 11:46	10666	7957	60.7	63	2384	10.9	29.1	6.6	25.4	44.3	81.0
2021-10-04 11:46	10671	7961	60.7	63	2385	10.9	29.1	6.6	25.4	44.3	81.0
2021-10-05 11:46	10676	7963	60.7	63	2386	10.9	29.1	6.6	25.4	44.3	81.0
2021-10-06 11:46	10679	7966	60.7	63	2386	10.9	29.1	6.6	25.4	44.2	81.0
2021-10-07 11:46	10685	7969	60.7	63	2387	10.9	29.1	6.6	25.4	44.2	81.0
2021-10-08 11:46	10690	7973	60.7	63	2389	10.9	29.0	6.6	25.4	44.2	81.0
2021-10-09 11:46	10691	7974	60.7	63	2389	10.9	29.0	6.6	25.4	44.2	81.0
2021-10-10 11:46	10691	7974	60.7	63	2389	10.9	29.0	6.6	25.4	44.2	81.0
2021-10-11 11:46	10695	7978	60.7	63	2389	10.9	29.0	6.6	25.3	44.2	81.0
2021-10-12 11:47	10700	7981	60.7	63	2391	10.9	29.0	6.6	25.4	44.2	81.0
2021-10-13 11:46	10704	7983	60.7	63	2392	10.9	29.0	6.6	25.4	44.2	81.0
2021-10-14 11:46	10705	7984	60.7	63	2392	10.9	29.0	6.6	25.4	44.2	81.0
2021-10-15 11:46	10713	7991	60.7	63	2394	10.9	29.0	6.6	25.4	44.2	81.0
2021-10-16 11:46	10715	7993	60.7	63	2395	10.9	29.0	6.6	25.4	44.2	80.9
2021-10-17 11:46	10716	7994	60.6	63	2395	10.9	29.0	6.6	25.4	44.2	80.9
2021-10-18 11:46	10720	7997	60.6	63	2395	10.9	29.0	6.6	25.3	44.2	80.9
2021-10-19 11:46	10724	8001	60.6	63	2396	10.9	29.0	6.6	25.3	44.2	80.9
2021-10-20 11:46	10728	8005	60.6	63	2397	10.9	29.0	6.7	25.4	44.2	80.9
2021-10-21 11:46	10732	8009	60.6	63	2398	10.9	29.0	6.7	25.4	44.2	80.9
2021-10-22 11:46	10734	8010	60.6	63	2398	10.9	29.0	6.7	25.4	44.2	80.9
2021-10-23 11:46	10733	8009	60.6	63	2398	10.9	29.0	6.7	25.4	44.2	80.9
2021-10-24 11:46	10733	8009	60.6	63	2398	10.9	29.0	6.7	25.4	44.2	80.9
2021-10-25 11:46	10739	8014	60.6	63	2400	10.9	29.0	6.7	25.4	44.2	80.9
2021-10-26 11:50	10740	8015	60.6	63	2401	10.9	29.0	6.7	25.4	44.2	80.9
2021-10-27 11:46	10745	8017	60.6	63	2403	10.9	29.0	6.7	25.4	44.2	80.9
2021-10-28 11:46	10748	8021	60.6	63	2404	10.9	29.0	6.7	25.4	44.2	80.9
2021-10-29 11:46	10753	8026	60.6	63	2408	10.9	29.0	6.7	25.4	44.2	80.9
2021-10-30 11:46	10755	8028	60.6	63	2408	10.9	29.0	6.7	25.4	44.1	80.9
2021-10-31 10:47	10756	8029	60.6	63	2408	10.9	29.0	6.7	25.4	44.2	80.9
2021-11-01 10:47	10760	8033	60.6	63	2408	10.9	29.0	6.6	25.4	44.2	80.9
2021-11-02 10:46	10766	8038	60.6	63	2410	10.9	28.9	6.6	25.4	44.2	80.9
2021-11-03 10:46	10769	8040	60.6	63	2410	10.9	28.9	6.6	25.4	44.1	80.9
2021-11-05 10:46	10774	8045	60.6	63	2410	10.9	28.9	6.6	25.4	44.1	80.9
2021-11-06 10:46	10777	8047	60.6	63	2410	10.9	28.9	6.6	25.4	44.1	80.9
2021-11-07 10:46	10777	8047	60.6	63	2410	10.9	28.9	6.6	25.4	44.1	80.9
2021-11-08 10:47	10782	8051	60.6	63	2412	10.9	28.9	6.6	25.4	44.2	80.9
2021-11-09 10:46	10786	8055	60.6	63	2413	10.9	28.9	6.6	25.4	44.1	80.9
2021-11-10 10:47	10789	8057	60.6	63	2414	10.9	28.9	6.6	25.4	44.1	80.9
2021-11-11 10:46	10792	8059	60.6	63	2416	10.9	28.9	6.6	25.4	44.1	80.9
2021-11-12 10:46	10802	8067	60.6	63	2420	10.9	29.0	6.6	25.4	44.1	80.9
2021-11-13 10:46	10802	8067	60.6	63	2420	10.9	29.0	6.6	25.4	44.1	80.9
2021-11-14 10:46	10802	8067	60.6	63	2420	10.9	29.0	6.6	25.4	44.1	80.9
2021-11-15 10:47	10812	8072	60.6	63	2423	10.9	29.0	6.6	25.4	44.1	80.9
2021-11-16 10:46	10815	8074	60.6	63	2422	10.9	29.0	6.6	25.5	44.2	80.9
2021-11-17 10:46	10816	8074	60.6	63	2422	10.9	29.0	6.6	25.5	44.2	80.9
2021-11-18 10:46	10818	8076	60.6	63	2422	10.9	29.0	6.6	25.5	44.2	80.9
2021-11-19 10:46	10820	8077	60.6	63	2423	10.9	29.0	6.6	25.5	44.2	80.9
2021-11-20 10:46	10822	8078	60.6	63	2423	10.9	29.0	6.6	25.5	44.1	80.9
2021-11-21 10:46	10824	8080	60.6	63	2424	10.9	29.0	6.6	25.4	44.1	80.9
2021-11-22 10:47	10828	8082	60.6	63	2425	10.9	29.0	6.6	25.4	44.1	80.9
2021-11-23 10:46	10834	8088	60.6	63	2425	10.9	29.0	6.6	25.4	44.1	80.9
2021-11-24 10:46	10839	8091	60.6	63	2426	10.9	29.0	6.6	25.4	44.1	80.9
2021-11-25 10:46	10841	8092	60.6	63	2426	10.9	29.0	6.6	25.4	44.1	80.9
2021-11-26 10:46	10852	8102	60.6	63	2428	10.9	29.0	6.6	25.5	44.1	80.9
2021-11-27 10:46	10854	8104	60.6	63	2430	10.9	29.0	6.6	25.5	44.1	80.9
2021-11-28 10:46	10856	8105	60.6	63	2430	10.9	29.0	6.7	25.5	44.1	80.9
2021-11-29 10:47	10860	8108	60.6	63	2431	10.9	29.0	6.6	25.5	44.1	80.9
2021-11-30 10:46	10870	8117	60.6	63	2434	10.9	29.0	6.6	25.5	44.1	80.9
2021-12-01 10:47	10877	8123	60.6	63	2436	10.9	29.0	6.6	25.5	44.1	80.9
2021-12-02 10:47	10883	8129	60.6	63	2438	10.9	29.0	6.6	25.5	44.1	80.8
2021-12-03 10:47	10889	8132	60.6	63	2438	10.9	29.0	6.6	25.5	44.1	80.9
2021-12-04 10:47	10895	8138	60.6	63	2440	10.9	29.0	6.6	25.5	44.1	80.9
2021-12-05 10:46	10896	8139	60.6	63	2440	10.9	29.0	6.6	25.5	44.1	80.9
2021-12-06 10:48	10902	8144	60.6	63	2441	10.9	29.0	6.6	25.5	44.1	80.9
2021-12-07 10:49	10913	8155	60.6	63	2445	10.9	29.0	6.6	25.5	44.0	80.8
2021-12-08 10:47	10922	8162	60.6	63	2446	10.9	29.0	6.6	25.5	44.0	80.8
2021-12-09 10:47	10930	8169	60.6	63	2448	10.9	29.0	6.6	25.5	44.0	80.8
2021-12-10 10:47	10940	8179	60.6	63	2453	10.9	28.9	6.6	25.5	44.0	80.8
2021-12-11 10:46	10944	8183	60.6	63	2455	10.9	28.9	6.6	25.5	44.0	80.8
2021-12-12 10:46	10947	8186	60.6	63	2455	10.9	28.9	6.6	25.5	44.0	80.8
2021-12-13 10:47	10956	8194	60.6	63	2458	10.9	28.9	6.6	25.5	44.0	80.8
2021-12-14 10:47	10970	8206	60.6	63	2462	10.9	28.9	6.6	25.5	44.0	80.8
2021-12-15 10:47	10981	8214	60.6	63	2464	10.9	28.9	6.6	25.5	44.0	80.8
2021-12-16 10:47	10995	8226	60.6	63	2468	10.9	28.9	6.6	25.5	43.9	80.8
2021-12-17 10:47	11003	8233	60.6	63	2470	10.9	28.9	6.6	25.5	43.9	80.8
2021-12-18 10:46	11017	8245	60.6	63	2472	10.9	28.8	6.6	25.5	44.0	80.8
2021-12-19 10:46	11018	8246	60.6	63	2473	10.9	28.8	6.6	25.5	43.9	80.8
2021-12-20 10:47	11038	8261	60.6	63	2477	10.9	28.8	6.6	25.4	43.9	80.8
2021-12-21 10:47	11050	8272	60.6	63	2481	10.9	28.8	6.6	25.5	43.9	80.7
2021-12-22 10:47	11069	8289	60.5	63	2489	10.9	28.8	6.6	25.5	43.9	80.7
2021-12-23 10:47	11077	8296	60.5	63	2493	10.9	28.8	6.6	25.4	43.9	80.7
2021-12-24 10:47	11091	8305	60.5	63	2493	10.9	28.8	6.6	25.4	43.8	80.7
2021-12-25 10:46	11094	8308	60.5	63	2494	10.9	28.8	6.6	25.4	43.8	80.7
2021-12-26 10:46	11100	8312	60.5	63	2495	10.9	28.8	6.6	25.4	43.8	80.7
2021-12-27 10:49	11111	8321	60.5	63	2498	10.9	28.8	6.6	25.4	43.8	80.7
2021-12-28 10:47	11134	8341	60.5	63	2505	10.9	28.8	6.6	25.4	43.7	80.7
2021-12-29 10:47	11149	8351	60.5	63	2506	10.9	28.8	6.6	25.4	43.7	80.7
2021-12-30 10:47	11154	8354	60.5	63	2507	10.9	28.8	6.6	25.4	43.8	80.7
2021-12-31 10:47	11166	8364	60.5	63	2511	10.9	28.8	6.6	25.4	43.7	80.7
2022-01-01 10:47	11171	8369	60.5	63	2513	10.9	28.8	6.5	25.4	43.7	80.7
2022-01-02 10:46	11186	8384	60.5	63	2517	10.9	28.8	6.6	25.4	43.7	80.7
2022-01-03 10:47	11200	8396	60.5	63	2521	10.9	28.8	6.6	25.4	43.7	80.7
2022-01-04 10:47	11232	8419	60.5	63	2532	10.9	28.8	6.5	25.4	43.7	80.7
2022-01-05 10:47	11245	8431	60.5	63	2538	10.9	28.8	6.5	25.4	43.7	80.7
2022-01-06 10:48	11263	8446	60.5	63	2539	10.9	28.8	6.5	25.4	43.7	80.7
2022-01-07 10:48	11272	8454	60.5	63	2540	10.9	28.8	6.6	25.4	43.6	80.7
2022-01-08 10:47	11280	8460	60.5	63	2545	10.8	28.8	6.5	25.4	43.6	80.7
2022-01-09 10:47	11282	8462	60.5	63	2545	10.8	28.8	6.5	25.4	43.6	80.7
2022-01-10 10:48	11299	8475	60.5	63	2547	10.8	28.8	6.5	25.3	43.6	80.7
2022-01-11 10:48	11312	8486	60.5	63	2554	10.8	28.7	6.5	25.3	43.6	80.6
2022-01-12 10:49	11326	8497	60.4	63	2558	10.8	28.7	6.6	25.3	43.6	80.6
2022-01-13 10:48	11356	8518	60.4	62	2563	10.8	28.7	6.6	25.3	43.5	80.5
2022-01-14 10:48	11376	8533	60.4	62	2570	10.8	28.7	6.6	25.2	43.4	80.5
2022-01-15 10:47	11388	8543	60.4	62	2572	10.8	28.7	6.6	25.2	43.4	80.5
2022-01-16 10:47	11393	8547	60.4	62	2573	10.8	28.7	6.6	25.2	43.4	80.5
2022-01-17 10:48	11416	8568	60.4	62	2582	10.8	28.7	6.6	25.3	43.4	80.6
2022-01-18 10:48	11430	8582	60.4	63	2587	10.8	28.8	6.6	25.3	43.4	80.6
2022-01-19 10:46	11442	8591	60.4	63	2589	10.8	28.8	6.6	25.3	43.4	80.5
2022-01-20 10:46	11452	8598	60.4	63	2593	10.8	28.8	6.6	25.3	43.4	80.5
2022-01-21 10:46	11472	8616	60.4	63	2603	10.8	28.8	6.6	25.3	43.4	80.5
2022-01-22 10:46	11476	8620	60.4	63	2605	10.8	28.8	6.6	25.3	43.4	80.5
2022-01-23 10:46	11479	8622	60.4	63	2606	10.8	28.8	6.6	25.3	43.4	80.5
2022-01-24 10:46	11500	8640	60.3	62	2613	10.8	28.8	6.6	25.3	43.3	80.5
2022-01-25 10:46	11517	8656	60.3	62	2620	10.8	28.8	6.6	25.3	43.3	80.5
2022-01-26 10:46	11544	8672	60.3	62	2629	10.8	28.8	6.6	25.2	43.3	80.5
2022-01-27 10:46	11571	8695	60.3	62	2640	10.8	28.8	6.6	25.2	43.3	80.5
2022-01-28 10:46	11599	8718	60.3	62	2648	10.8	28.8	6.7	25.3	43.3	80.5
2022-01-29 10:46	11605	8723	60.3	62	2650	10.8	28.8	6.7	25.3	43.3	80.5
2022-01-30 10:46	11608	8724	60.3	62	2650	10.8	28.8	6.7	25.3	43.3	80.5
2022-01-31 10:46	11630	8744	60.3	62	2659	10.7	28.8	6.7	25.2	43.3	80.5
2022-02-01 10:46	11655	8765	60.3	62	2674	10.7	28.8	6.7	25.3	43.2	80.5
2022-02-02 10:46	11676	8783	60.2	62	2680	10.7	28.9	6.7	25.3	43.2	80.5
2022-02-03 10:46	11688	8793	60.2	62	2682	10.7	28.9	6.7	25.2	43.2	80.5
2022-02-04 10:47	11705	8809	60.2	62	2690	10.7	28.9	6.7	25.2	43.1	80.5
2022-02-05 10:46	11714	8817	60.2	62	2694	10.7	28.9	6.7	25.2	43.1	80.5
2022-02-06 10:46	11721	8824	60.2	62	2695	10.7	28.9	6.7	25.2	43.1	80.5
2022-02-07 10:46	11745	8845	60.2	62	2704	10.7	29.0	6.7	25.3	43.2	80.5
2022-02-08 10:46	11768	8862	60.2	62	2709	10.7	29.0	6.8	25.2	43.1	80.5
2022-02-09 10:46	11795	8885	60.2	62	2716	10.7	29.0	6.8	25.3	43.1	80.6
2022-02-10 10:46	11817	8901	60.2	62	2722	10.7	29.0	6.8	25.3	43.1	80.6
2022-02-11 10:46	11828	8911	60.2	62	2724	10.7	29.1	6.8	25.2	43.1	80.6
2022-02-12 10:46	11835	8916	60.2	62	2727	10.7	29.0	6.8	25.2	43.1	80.6
2022-02-13 10:46	11836	8917	60.2	62	2728	10.7	29.1	6.8	25.2	43.1	80.6
2022-02-14 10:46	11850	8926	60.2	62	2731	10.7	29.1	6.8	25.2	43.1	80.6
2022-02-15 10:46	11864	8937	60.2	62	2735	10.7	29.1	6.8	25.2	43.1	80.6
2022-02-16 10:46	11869	8942	60.1	62	2735	10.7	29.1	6.8	25.2	43.1	80.6
2022-02-17 10:46	11875	8948	60.2	62	2737	10.7	29.1	6.8	25.2	43.1	80.6
2022-02-18 10:46	11887	8960	60.1	62	2741	10.7	29.1	6.8	25.2	43.0	80.6
2022-02-19 10:46	11892	8965	60.2	62	2743	10.7	29.1	6.8	25.2	43.0	80.6
2022-02-20 10:46	11895	8967	60.2	62	2743	10.7	29.1	6.9	25.2	43.0	80.6
2022-02-21 10:46	11901	8973	60.2	62	2745	10.7	29.1	6.9	25.2	43.1	80.6
2022-02-22 10:46	11927	8997	60.2	62	2755	10.7	29.2	6.9	25.2	43.1	80.6
2022-02-23 10:46	11934	9003	60.2	63	2757	10.7	29.2	7.0	25.2	43.1	80.6
2022-02-24 10:46	11937	9005	60.2	63	2759	10.7	29.2	7.0	25.2	43.0	80.6
2022-02-25 10:46	11941	9008	60.2	63	2760	10.7	29.2	6.9	25.2	43.0	80.6
2022-02-26 10:46	11946	9012	60.2	62	2761	10.7	29.2	7.0	25.2	43.0	80.6
2022-02-27 10:46	11948	9013	60.1	62	2762	10.7	29.1	7.0	25.2	43.0	80.6
2022-02-28 10:46	11957	9022	60.1	62	2764	10.7	29.2	7.0	25.2	43.0	80.6
2022-03-01 10:46	11963	9027	60.1	62	2766	10.7	29.1	7.0	25.2	43.0	80.6
2022-03-02 10:46	11966	9029	60.1	62	2767	10.7	29.2	7.0	25.2	43.0	80.6
2022-03-03 10:46	11968	9030	60.2	63	2767	10.7	29.1	7.0	25.2	43.0	80.6
2022-03-04 10:46	11979	9039	60.2	63	2771	10.7	29.1	7.0	25.2	43.0	80.6
2022-03-05 10:46	11982	9042	60.2	63	2772	10.7	29.1	7.0	25.2	43.0	80.6
2022-03-06 10:46	11985	9045	60.2	63	2773	10.7	29.1	7.0	25.2	43.0	80.7
2022-03-07 10:46	11995	9055	60.2	63	2777	10.6	29.2	7.0	25.2	43.0	80.7
2022-03-08 10:46	12002	9060	60.2	63	2778	10.6	29.2	7.0	25.2	43.0	80.7
2022-03-09 10:46	12003	9061	60.2	63	2778	10.6	29.2	7.0	25.2	43.0	80.7
2022-03-10 10:46	12006	9064	60.2	63	2780	10.6	29.2	7.0	25.2	43.0	80.7
2022-03-11 10:46	12010	9068	60.2	63	2782	10.6	29.2	7.0	25.2	43.0	80.7
2022-03-12 10:46	12014	9072	60.2	63	2783	10.6	29.2	7.0	25.2	43.1	80.7
2022-03-13 10:46	12014	9072	60.2	63	2783	10.6	29.2	7.0	25.2	43.1	80.7
2022-03-14 10:46	12020	9078	60.2	63	2783	10.6	29.2	7.0	25.2	43.0	80.7
2022-03-15 10:46	12035	9092	60.2	63	2788	10.6	29.2	7.0	25.2	43.0	80.7
2022-03-16 10:46	12041	9098	60.2	63	2790	10.6	29.2	7.0	25.2	43.0	80.7
2022-03-17 10:46	12046	9103	60.2	63	2790	10.6	29.2	7.0	25.2	43.0	80.7
2022-03-18 10:46	12056	9110	60.1	63	2792	10.6	29.2	7.0	25.2	43.0	80.7
2022-03-19 10:46	12057	9110	60.1	63	2792	10.6	29.2	7.0	25.2	43.0	80.7
2022-03-20 10:46	12057	9110	60.1	63	2792	10.6	29.2	7.0	25.2	43.0	80.7
2022-03-21 10:46	12060	9113	60.1	63	2792	10.6	29.2	7.0	25.2	43.0	80.6
2022-03-22 10:46	12066	9118	60.1	63	2794	10.6	29.2	7.0	25.2	43.0	80.7
2022-03-23 10:46	12070	9122	60.1	63	2797	10.6	29.2	7.0	25.1	43.0	80.7
2022-03-24 10:46	12072	9124	60.1	63	2798	10.6	29.2	7.0	25.2	43.0	80.7
2022-03-25 10:46	12077	9127	60.1	63	2800	10.6	29.2	7.0	25.2	43.0	80.7
2022-03-26 10:46	12077	9127	60.1	63	2800	10.6	29.2	7.0	25.2	43.0	80.7
2022-03-27 11:46	12077	9127	60.1	63	2800	10.6	29.2	7.0	25.2	43.0	80.7
2022-03-28 11:46	12084	9133	60.1	63	2800	10.6	29.2	7.0	25.2	43.0	80.7
2022-03-29 11:46	12091	9139	60.1	63	2802	10.6	29.2	7.0	25.1	43.0	80.6
2022-03-30 11:46	12094	9142	60.1	63	2803	10.6	29.2	7.0	25.1	43.0	80.6
2022-03-31 11:47	12099	9147	60.1	63	2806	10.6	29.2	7.0	25.1	43.0	80.6
2022-04-01 11:46	12101	9149	60.1	63	2807	10.6	29.2	7.0	25.1	43.0	80.6
2022-04-02 11:46	12102	9150	60.1	63	2807	10.6	29.2	7.0	25.1	43.0	80.6
2022-04-03 11:46	12102	9150	60.1	63	2807	10.6	29.2	7.0	25.1	43.0	80.6
2022-04-04 11:46	12106	9153	60.1	63	2807	10.6	29.2	7.0	25.2	43.0	80.7
2022-04-05 11:46	12111	9158	60.1	63	2810	10.6	29.2	7.0	25.1	42.9	80.6
2022-04-06 11:46	12114	9161	60.1	63	2811	10.6	29.3	7.0	25.2	42.9	80.6
2022-04-07 11:46	12116	9163	60.1	63	2812	10.6	29.3	7.0	25.2	42.9	80.6
2022-04-08 11:46	12118	9165	60.1	63	2813	10.6	29.3	7.0	25.2	42.9	80.6
2022-04-09 11:46	12122	9169	60.1	63	2814	10.6	29.3	7.0	25.1	42.9	80.7
2022-04-10 11:46	12125	9171	60.2	63	2815	10.6	29.3	7.0	25.2	43.0	80.7
2022-04-11 11:47	12128	9174	60.2	63	2816	10.6	29.3	7.0	25.2	42.9	80.7
2022-04-12 11:46	12134	9179	60.2	63	2818	10.6	29.3	7.0	25.2	42.9	80.7
2022-04-13 11:46	12136	9181	60.2	63	2819	10.6	29.3	7.0	25.2	42.9	80.7
2022-04-14 11:47	12140	9185	60.2	63	2820	10.6	29.3	7.0	25.2	42.9	80.7
2022-04-15 11:46	12144	9189	60.2	63	2821	10.6	29.3	7.0	25.2	42.9	80.7
2022-04-16 11:46	12144	9189	60.2	63	2821	10.6	29.3	7.0	25.2	42.9	80.7
2022-04-17 11:46	12145	9189	60.2	63	2821	10.6	29.3	7.0	25.2	42.9	80.7
2022-04-18 11:47	12146	9190	60.2	63	2822	10.6	29.3	7.0	25.2	42.9	80.7
2022-04-19 11:47	12148	9192	60.2	63	2822	10.6	29.3	7.0	25.2	42.9	80.7
2022-04-20 11:47	12154	9198	60.1	63	2825	10.6	29.3	7.1	25.2	42.9	80.7
2022-04-21 11:47	12157	9201	60.1	63	2826	10.6	29.3	7.1	25.2	42.9	80.7
2022-04-22 11:47	12166	9209	60.1	63	2829	10.6	29.3	7.0	25.2	42.9	80.7
2022-04-23 11:46	12168	9211	60.1	63	2829	10.6	29.3	7.1	25.2	42.9	80.7
2022-04-24 11:46	12168	9211	60.1	63	2829	10.6	29.3	7.1	25.2	42.9	80.7
2022-04-25 11:47	12171	9214	60.1	63	2831	10.6	29.3	7.1	25.2	42.9	80.7
2022-04-26 11:47	12179	9221	60.1	63	2836	10.6	29.3	7.0	25.1	42.9	80.7
2022-04-27 11:48	12179	9221	60.1	63	2836	10.6	29.3	7.0	25.1	42.9	80.7
2022-04-28 11:48	12183	9224	60.1	63	2838	10.6	29.3	7.0	25.2	42.9	80.7
2022-04-29 11:48	12183	9224	60.1	63	2838	10.6	29.3	7.0	25.2	42.9	80.7
2022-04-30 11:46	12184	9225	60.1	63	2838	10.6	29.3	7.0	25.2	42.9	80.7
2022-05-01 11:47	12185	9226	60.1	63	2839	10.6	29.3	7.0	25.2	42.9	80.7
2022-05-02 11:48	12187	9227	60.1	63	2839	10.6	29.3	7.0	25.2	42.9	80.7
2022-05-03 11:48	12190	9230	60.1	63	2841	10.6	29.3	7.1	25.2	42.9	80.7
2022-05-04 11:48	12191	9231	60.1	63	2842	10.6	29.3	7.1	25.2	42.9	80.7
2022-05-05 11:48	12195	9235	60.1	63	2842	10.6	29.3	7.1	25.2	42.9	80.7
2022-05-06 11:48	12196	9236	60.1	63	2842	10.6	29.3	7.1	25.2	42.9	80.7
2022-05-07 11:47	12197	9237	60.1	63	2843	10.6	29.3	7.1	25.1	42.9	80.7
2022-05-08 11:47	12197	9237	60.1	63	2843	10.6	29.3	7.1	25.1	42.9	80.7
2022-05-09 11:49	12198	9238	60.1	63	2843	10.6	29.3	7.1	25.2	42.9	80.7
2022-05-10 11:48	12202	9242	60.1	63	2843	10.6	29.3	7.1	25.2	42.9	80.7
2022-05-11 11:48	12203	9243	60.1	63	2843	10.6	29.3	7.1	25.2	42.9	80.7
2022-05-12 11:48	12203	9243	60.1	63	2843	10.6	29.3	7.1	25.2	42.9	80.7
2022-05-13 11:50	12203	9243	60.1	63	2843	10.6	29.3	7.1	25.2	42.9	80.7
2022-05-14 11:47	12203	9243	60.1	63	2843	10.6	29.3	7.1	25.2	42.9	80.7
2022-05-15 11:48	12204	9244	60.1	63	2843	10.6	29.3	7.1	25.2	42.9	80.7
2022-05-16 11:48	12210	9249	60.1	63	2845	10.6	29.3	7.1	25.2	42.9	80.7
2022-05-17 11:48	12210	9249	60.1	63	2845	10.6	29.3	7.1	25.2	42.9	80.7
2022-05-18 11:49	12212	9251	60.1	63	2845	10.6	29.3	7.1	25.2	42.9	80.7
2022-05-19 11:49	12215	9253	60.1	63	2845	10.6	29.3	7.1	25.2	42.9	80.7
2022-05-20 11:49	12217	9254	60.1	63	2845	10.6	29.3	7.1	25.2	42.9	80.7
2022-05-21 11:48	12217	9254	60.1	63	2845	10.6	29.3	7.1	25.2	42.9	80.7
2022-05-22 11:48	12218	9255	60.1	63	2845	10.6	29.3	7.1	25.2	42.9	80.7
2022-05-23 11:49	12219	9256	60.1	63	2845	10.6	29.4	7.1	25.2	42.8	80.7
2022-05-24 11:49	12220	9257	60.1	63	2845	10.6	29.4	7.1	25.2	42.8	80.7
2022-05-25 11:47	12222	9259	60.1	63	2846	10.6	29.4	7.1	25.2	42.8	80.7
2022-05-26 11:49	12222	9259	60.1	63	2846	10.6	29.4	7.1	25.2	42.8	80.7
2022-05-27 11:49	12222	9259	60.1	63	2846	10.6	29.4	7.1	25.2	42.8	80.7
2022-05-28 11:47	12222	9259	60.1	63	2846	10.6	29.4	7.1	25.2	42.8	80.7
2022-05-29 11:48	12222	9259	60.1	63	2846	10.6	29.4	7.1	25.2	42.8	80.7
2022-05-30 11:50	12222	9259	60.1	63	2846	10.6	29.4	7.1	25.2	42.8	80.7
2022-05-31 11:49	12222	9259	60.1	63	2846	10.6	29.4	7.1	25.2	42.8	80.7
2022-06-02 11:50	12226	9263	60.1	63	2848	10.6	29.4	7.1	25.2	42.8	80.7
2022-06-03 11:47	12226	9263	60.1	63	2848	10.6	29.4	7.1	25.2	42.8	80.7
2022-06-04 11:46	12228	9265	60.1	63	2850	10.6	29.4	7.1	25.1	42.8	80.7
2022-06-05 11:46	12229	9265	60.1	63	2850	10.6	29.4	7.1	25.1	42.8	80.7
2022-06-06 11:46	12229	9265	60.1	63	2850	10.6	29.4	7.1	25.1	42.8	80.7
2022-06-07 11:52	12229	9265	60.1	63	2850	10.6	29.4	7.1	25.1	42.8	80.7
2022-06-08 11:47	12236	9272	60.1	63	2851	10.6	29.4	7.1	25.1	42.8	80.7
2022-06-09 11:46	12237	9273	60.1	63	2851	10.6	29.4	7.1	25.1	42.8	80.7
2022-06-10 11:47	12238	9274	60.1	63	2851	10.6	29.4	7.1	25.1	42.9	80.7
2022-06-11 11:46	12238	9274	60.1	63	2851	10.6	29.4	7.1	25.1	42.9	80.7
2022-06-12 11:46	12238	9274	60.1	63	2851	10.6	29.4	7.1	25.1	42.9	80.7
2022-06-13 11:47	12243	9279	60.1	63	2854	10.6	29.4	7.1	25.1	42.8	80.7
2022-06-14 11:48	12244	9279	60.1	63	2854	10.6	29.4	7.1	25.1	42.8	80.7
2022-06-15 11:47	12245	9280	60.1	63	2855	10.6	29.4	7.1	25.1	42.8	80.7
2022-06-16 11:48	12249	9284	60.1	63	2857	10.6	29.4	7.1	25.1	42.8	80.7
2022-06-17 11:47	12252	9287	60.1	63	2859	10.6	29.4	7.1	25.1	42.8	80.7
2022-06-18 11:46	12253	9288	60.1	63	2859	10.6	29.4	7.1	25.1	42.8	80.7
2022-06-19 11:47	12253	9288	60.1	63	2859	10.6	29.4	7.1	25.1	42.8	80.7
2022-06-20 11:47	12255	9290	60.1	63	2860	10.6	29.4	7.1	25.1	42.8	80.7
2022-06-21 11:51	12255	9290	60.1	63	2860	10.6	29.4	7.1	25.1	42.8	80.7
2022-06-22 11:47	12256	9291	60.1	63	2860	10.6	29.4	7.1	25.1	42.8	80.7
2022-06-23 11:48	12256	9291	60.1	63	2860	10.6	29.4	7.1	25.1	42.8	80.7
2022-06-24 11:46	12256	9291	60.1	63	2860	10.6	29.4	7.1	25.1	42.8	80.7
2022-06-25 11:46	12257	9292	60.1	63	2860	10.6	29.4	7.1	25.1	42.8	80.7
2022-06-26 11:46	12258	9293	60.1	63	2860	10.6	29.4	7.1	25.1	42.8	80.7
2022-06-27 11:47	12261	9296	60.1	63	2860	10.6	29.4	7.1	25.1	42.8	80.7
2022-06-28 11:47	12264	9299	60.1	63	2861	10.6	29.4	7.1	25.1	42.8	80.7
2022-06-29 11:48	12264	9299	60.1	63	2861	10.6	29.4	7.1	25.1	42.8	80.7
2022-06-30 11:47	12264	9299	60.1	63	2861	10.6	29.4	7.1	25.1	42.8	80.7
2022-07-01 11:47	12265	9300	60.1	63	2862	10.6	29.4	7.1	25.1	42.8	80.7
2022-07-02 11:46	12266	9301	60.1	63	2862	10.6	29.4	7.1	25.1	42.8	80.7
2022-07-03 11:46	12266	9301	60.1	63	2862	10.6	29.4	7.1	25.1	42.8	80.7
2022-07-04 11:48	12266	9301	60.1	63	2862	10.6	29.4	7.1	25.1	42.8	80.7
2022-07-05 11:47	12266	9301	60.1	63	2862	10.6	29.4	7.1	25.1	42.8	80.7
2022-07-06 11:57	12268	9303	60.1	63	2863	10.6	29.4	7.1	25.1	42.8	80.7
2022-07-07 11:47	12272	9307	60.1	63	2865	10.6	29.4	7.1	25.1	42.8	80.7
2022-07-08 11:48	12275	9310	60.1	63	2866	10.6	29.4	7.1	25.1	42.8	80.7
2022-07-09 11:46	12275	9310	60.1	63	2866	10.6	29.4	7.1	25.1	42.8	80.7
2022-07-10 11:46	12275	9310	60.1	63	2866	10.6	29.4	7.1	25.1	42.8	80.7
2022-07-11 11:51	12275	9310	60.1	63	2866	10.6	29.4	7.1	25.1	42.8	80.7
2022-07-12 11:47	12277	9312	60.1	63	2866	10.6	29.4	7.1	25.1	42.8	80.7
2022-07-13 11:47	12278	9313	60.1	63	2866	10.6	29.4	7.1	25.1	42.8	80.7
2022-07-14 11:47	12280	9315	60.1	63	2867	10.6	29.4	7.1	25.1	42.8	80.7
2022-07-15 11:48	12283	9318	60.1	63	2869	10.6	29.4	7.1	25.1	42.8	80.7
2022-07-16 11:46	12283	9318	60.1	63	2869	10.6	29.4	7.1	25.1	42.8	80.7
2022-07-17 11:47	12284	9319	60.1	63	2870	10.6	29.3	7.1	25.1	42.8	80.7
2022-07-18 11:47	12287	9322	60.1	63	2871	10.6	29.3	7.2	25.1	42.7	80.7
2022-07-19 11:48	12292	9327	60.1	63	2872	10.6	29.3	7.2	25.1	42.7	80.7
2022-07-20 11:47	12295	9330	60.1	63	2874	10.6	29.3	7.2	25.1	42.8	80.7
2022-07-21 11:47	12295	9330	60.1	63	2874	10.6	29.3	7.2	25.1	42.8	80.7
2022-07-22 11:48	12303	9338	60.1	63	2878	10.6	29.4	7.2	25.1	42.8	80.7
2022-07-23 11:47	12303	9338	60.1	63	2878	10.6	29.4	7.2	25.1	42.8	80.7
2022-07-24 11:48	12303	9338	60.1	63	2878	10.6	29.4	7.2	25.1	42.8	80.7
2022-07-25 11:49	12307	9342	60.1	63	2878	10.5	29.4	7.2	25.2	42.8	80.7
2022-07-26 11:47	12309	9344	60.1	63	2878	10.5	29.4	7.2	25.2	42.8	80.7
2022-07-27 11:47	12317	9352	60.1	63	2882	10.5	29.4	7.2	25.2	42.8	80.7
2022-07-28 11:48	12321	9356	60.1	63	2884	10.5	29.4	7.2	25.2	42.8	80.7
2022-07-29 11:48	12324	9359	60.1	63	2886	10.5	29.4	7.2	25.2	42.8	80.7
2022-07-30 11:46	12324	9359	60.1	63	2886	10.5	29.4	7.2	25.2	42.8	80.7
2022-07-31 11:46	12324	9359	60.1	63	2886	10.5	29.4	7.2	25.2	42.8	80.7
2022-08-01 11:48	12326	9361	60.1	63	2887	10.5	29.4	7.2	25.2	42.8	80.7
2022-08-02 11:47	12331	9366	60.1	63	2887	10.5	29.4	7.2	25.2	42.8	80.7
2022-08-03 11:48	12335	9369	60.1	63	2887	10.5	29.4	7.2	25.2	42.8	80.7
2022-08-04 11:47	12341	9374	60.1	63	2889	10.5	29.4	7.2	25.2	42.8	80.7
2022-08-05 11:48	12343	9375	60.1	63	2890	10.5	29.4	7.2	25.2	42.8	80.7
2022-08-06 11:46	12344	9376	60.1	63	2890	10.5	29.4	7.2	25.2	42.8	80.7
2022-08-07 11:46	12346	9378	60.1	63	2890	10.5	29.4	7.2	25.2	42.8	80.7
2022-08-08 11:48	12348	9380	60.1	63	2890	10.5	29.4	7.2	25.2	42.8	80.7
2022-08-09 11:48	12351	9383	60.1	63	2891	10.5	29.4	7.2	25.2	42.8	80.7
2022-08-10 11:48	12360	9392	60.1	63	2895	10.5	29.4	7.2	25.2	42.8	80.7
2022-08-11 11:48	12366	9398	60.1	63	2897	10.5	29.4	7.2	25.2	42.8	80.8
2022-08-12 11:47	12370	9402	60.1	63	2898	10.5	29.4	7.2	25.2	42.8	80.8
2022-08-13 11:46	12371	9403	60.1	63	2898	10.5	29.4	7.2	25.2	42.8	80.8
2022-08-14 11:47	12372	9403	60.1	63	2898	10.5	29.4	7.2	25.2	42.8	80.8
2022-08-15 11:48	12376	9405	60.1	63	2898	10.5	29.5	7.2	25.2	42.8	80.8
2022-08-16 11:46	12377	9406	60.1	63	2898	10.5	29.4	7.2	25.2	42.8	80.8
2022-08-17 11:48	12392	9418	60.1	63	2902	10.5	29.5	7.2	25.2	42.8	80.8
2022-08-18 11:48	12398	9423	60.1	63	2902	10.5	29.5	7.2	25.2	42.8	80.8
2022-08-19 11:48	12408	9432	60.1	63	2905	10.5	29.5	7.2	25.2	42.8	80.8
2022-08-20 11:47	12409	9433	60.1	63	2906	10.5	29.5	7.2	25.2	42.8	80.8
2022-08-21 11:47	12409	9433	60.1	63	2906	10.5	29.5	7.2	25.2	42.8	80.8
2022-08-22 11:48	12417	9441	60.2	63	2907	10.5	29.5	7.2	25.2	42.7	80.8
2022-08-23 11:48	12438	9457	60.2	63	2916	10.5	29.5	7.2	25.2	42.8	80.8
2022-08-24 11:48	12446	9461	60.2	63	2921	10.5	29.5	7.2	25.2	42.8	80.8
2022-08-25 11:49	12452	9464	60.2	63	2925	10.5	29.5	7.2	25.2	42.8	80.8
2022-08-26 11:48	12455	9467	60.2	63	2926	10.5	29.5	7.2	25.2	42.8	80.8
2022-08-27 11:48	12458	9469	60.2	63	2926	10.5	29.5	7.2	25.2	42.8	80.8
2022-08-28 11:48	12458	9469	60.2	63	2926	10.5	29.5	7.2	25.2	42.8	80.8
2022-08-29 11:48	12464	9475	60.2	63	2929	10.5	29.5	7.2	25.2	42.8	80.8
2022-08-30 11:48	12473	9481	60.2	63	2931	10.5	29.5	7.2	25.2	42.8	80.8
2022-08-31 11:50	12486	9493	60.2	63	2935	10.5	29.6	7.2	25.2	42.8	80.8
2022-09-01 11:49	12502	9506	60.2	63	2938	10.5	29.6	7.3	25.2	42.8	80.9
2022-09-02 11:48	12505	9509	60.2	63	2938	10.5	29.6	7.3	25.2	42.8	80.9
2022-09-03 11:47	12507	9510	60.2	63	2938	10.5	29.6	7.3	25.2	42.8	80.9
2022-09-04 11:48	12508	9511	60.2	63	2939	10.5	29.6	7.3	25.2	42.8	80.9
2022-09-05 11:49	12514	9516	60.2	63	2943	10.5	29.6	7.3	25.2	42.8	80.9
2022-09-06 11:49	12526	9526	60.2	63	2945	10.5	29.6	7.3	25.2	42.8	80.9
2022-09-07 11:50	12529	9528	60.2	63	2945	10.5	29.6	7.3	25.2	42.8	80.9
2022-09-08 11:52	12546	9543	60.2	63	2950	10.5	29.7	7.3	25.2	42.8	80.9
2022-09-09 11:52	12547	9544	60.2	63	2950	10.4	29.7	7.3	25.2	42.8	80.9
2022-09-10 11:49	12546	9544	60.2	63	2950	10.4	29.7	7.3	25.2	42.8	80.9
2022-09-11 11:50	12546	9544	60.2	63	2950	10.4	29.7	7.3	25.2	42.8	80.9
2022-09-12 11:53	12548	9546	60.2	63	2950	10.4	29.6	7.3	25.2	42.8	80.9
2022-09-13 11:53	12553	9551	60.2	63	2952	10.4	29.7	7.3	25.2	42.8	80.9
2022-09-14 11:52	12556	9553	60.2	63	2953	10.4	29.6	7.3	25.2	42.8	80.9
2022-09-15 11:52	12562	9559	60.2	63	2955	10.5	29.7	7.3	25.2	42.8	80.9
2022-09-16 11:52	12564	9561	60.2	63	2955	10.4	29.7	7.3	25.2	42.8	80.9
2022-09-17 11:50	12565	9561	60.2	63	2955	10.4	29.7	7.3	25.2	42.8	80.9
2022-09-18 11:50	12567	9563	60.2	63	2956	10.4	29.7	7.3	25.2	42.8	80.9
2022-09-19 11:53	12573	9568	60.2	63	2960	10.4	29.7	7.3	25.2	42.8	80.9
2022-09-20 11:54	12577	9572	60.2	63	2963	10.4	29.7	7.3	25.2	42.8	80.9
2022-09-21 11:53	12580	9575	60.2	63	2964	10.4	29.7	7.3	25.2	42.8	80.9
2022-09-22 11:54	12583	9578	60.2	63	2966	10.4	29.7	7.3	25.2	42.8	80.9
2022-09-23 11:53	12592	9586	60.2	63	2968	10.4	29.7	7.3	25.2	42.8	80.9
2022-09-24 11:51	12593	9586	60.2	63	2968	10.4	29.7	7.3	25.2	42.8	80.9
2022-09-25 11:51	12595	9587	60.2	63	2968	10.4	29.7	7.3	25.2	42.8	80.9
2022-09-26 11:53	12599	9591	60.2	63	2969	10.4	29.7	7.3	25.2	42.8	80.9
2022-09-27 11:58	12601	9592	60.2	63	2969	10.4	29.7	7.3	25.2	42.8	80.9
2022-09-28 11:56	12603	9594	60.2	63	2971	10.4	29.7	7.3	25.2	42.8	80.9
2022-09-29 11:56	12604	9595	60.2	63	2972	10.4	29.7	7.3	25.2	42.8	80.9
2022-09-30 11:56	12612	9602	60.2	63	2974	10.4	29.7	7.3	25.1	42.8	81.0
2022-10-01 11:54	12615	9604	60.2	63	2974	10.4	29.7	7.3	25.1	42.8	81.0
2022-10-02 11:53	12615	9604	60.2	63	2974	10.4	29.7	7.3	25.1	42.8	81.0
2022-10-03 11:57	12626	9616	60.2	63	2979	10.4	29.7	7.3	25.2	42.8	80.9
2022-10-04 11:56	12628	9618	60.2	63	2980	10.4	29.7	7.3	25.2	42.8	81.0
2022-10-05 11:56	12631	9620	60.2	63	2980	10.4	29.7	7.3	25.2	42.8	81.0
2022-10-06 11:59	12634	9623	60.2	63	2982	10.4	29.7	7.3	25.1	42.8	81.0
2022-10-07 11:57	12638	9626	60.2	63	2985	10.4	29.7	7.3	25.2	42.8	80.9
2022-10-08 11:53	12643	9630	60.2	63	2987	10.4	29.7	7.3	25.2	42.8	80.9
2022-10-09 11:53	12643	9630	60.2	63	2987	10.4	29.7	7.3	25.2	42.8	80.9
2022-10-10 11:56	12647	9634	60.2	63	2988	10.4	29.7	7.3	25.2	42.8	80.9
2022-10-11 11:56	12650	9637	60.2	63	2989	10.4	29.7	7.3	25.2	42.8	80.9
2022-10-12 11:57	12655	9642	60.2	63	2992	10.4	29.7	7.3	25.2	42.8	81.0
2022-10-13 11:56	12655	9642	60.2	63	2992	10.4	29.7	7.3	25.2	42.8	81.0
2022-10-14 11:56	12657	9644	60.2	63	2992	10.4	29.7	7.3	25.2	42.8	81.0
2022-10-15 11:54	12657	9644	60.2	63	2992	10.4	29.7	7.3	25.2	42.8	81.0
2022-10-16 11:54	12658	9645	60.2	63	2993	10.4	29.7	7.3	25.2	42.8	81.0
2022-10-17 12:02	12661	9648	60.2	63	2994	10.4	29.7	7.3	25.2	42.8	81.0
2022-10-18 11:59	12664	9651	60.2	63	2996	10.4	29.7	7.3	25.2	42.8	81.0
2022-10-19 11:59	12667	9654	60.2	63	2998	10.4	29.7	7.3	25.2	42.9	81.0
2022-10-20 11:57	12670	9657	60.2	63	2999	10.4	29.7	7.3	25.2	42.8	81.0
2022-10-21 11:57	12673	9660	60.2	63	3000	10.4	29.7	7.3	25.2	42.9	81.0
2022-10-22 11:55	12674	9661	60.2	63	3000	10.4	29.7	7.3	25.2	42.9	81.0
2022-10-23 11:55	12675	9662	60.2	63	3000	10.4	29.7	7.3	25.2	42.8	81.0
2022-10-24 12:00	12684	9671	60.2	63	3004	10.4	29.7	7.3	25.2	42.8	81.0
2022-10-25 12:00	12684	9672	60.2	63	3004	10.4	29.7	7.3	25.2	42.8	81.0
2022-10-26 11:50	12689	9676	60.2	63	3004	10.4	29.7	7.3	25.2	42.8	81.0
2022-10-27 11:51	12691	9677	60.2	63	3005	10.4	29.7	7.3	25.2	42.8	81.0
2022-10-28 11:51	12701	9685	60.2	63	3009	10.4	29.7	7.3	25.2	42.8	81.0
2022-10-29 11:48	12713	9694	60.2	63	3011	10.4	29.7	7.3	25.2	42.8	81.0
2022-10-30 10:48	12714	9695	60.2	63	3010	10.4	29.7	7.3	25.2	42.8	81.0
2022-10-31 10:51	12726	9705	60.2	63	3010	10.4	29.7	7.3	25.2	42.8	81.0
2022-11-01 10:53	12736	9714	60.2	63	3014	10.4	29.8	7.3	25.2	42.9	81.0
2022-11-02 10:50	12738	9716	60.2	63	3016	10.4	29.8	7.3	25.2	42.8	81.0
2022-11-03 10:48	12742	9719	60.2	63	3017	10.4	29.8	7.3	25.2	42.8	81.0
2022-11-04 10:47	12743	9720	60.2	63	3017	10.4	29.8	7.3	25.2	42.8	81.0
2022-11-05 10:46	12747	9723	60.2	63	3019	10.4	29.8	7.3	25.2	42.8	81.0
2022-11-06 10:47	12749	9725	60.2	63	3020	10.4	29.7	7.3	25.2	42.8	81.0
2022-11-07 10:48	12752	9728	60.2	63	3022	10.4	29.8	7.3	25.2	42.8	81.0
2022-11-08 10:49	12755	9731	60.2	63	3023	10.4	29.8	7.3	25.2	42.8	81.0
2022-11-09 10:48	12756	9732	60.2	63	3023	10.4	29.8	7.3	25.2	42.8	81.0
2022-11-10 10:48	12763	9738	60.2	63	3027	10.4	29.8	7.3	25.2	42.8	81.0
2022-11-11 10:48	12765	9739	60.2	63	3028	10.4	29.8	7.3	25.2	42.8	81.0
2022-11-12 10:47	12765	9739	60.2	63	3028	10.4	29.8	7.3	25.2	42.8	81.0
2022-11-13 10:47	12767	9741	60.3	63	3028	10.4	29.8	7.3	25.2	42.8	81.0
2022-11-14 10:48	12768	9742	60.2	63	3029	10.4	29.8	7.3	25.2	42.8	81.0
2022-11-15 10:46	12772	9746	60.2	63	3032	10.4	29.8	7.3	25.2	42.8	81.0
2022-11-16 10:46	12777	9751	60.3	63	3033	10.4	29.8	7.3	25.2	42.9	81.0
2022-11-17 10:46	12781	9755	60.3	63	3033	10.4	29.8	7.3	25.2	42.8	81.0
2022-11-18 10:46	12784	9758	60.3	63	3035	10.4	29.8	7.3	25.2	42.8	81.1
2022-11-19 10:46	12786	9760	60.3	63	3037	10.4	29.8	7.3	25.2	42.8	81.1
2022-11-20 10:46	12786	9760	60.3	63	3037	10.4	29.8	7.3	25.2	42.9	81.1
2022-11-21 10:46	12788	9761	60.3	63	3037	10.4	29.8	7.3	25.2	42.9	81.1
2022-11-22 10:47	12789	9762	60.3	63	3037	10.4	29.8	7.3	25.2	42.8	81.1
2022-11-23 10:51	12789	9762	60.3	63	3037	10.4	29.8	7.3	25.2	42.8	81.1
2022-11-24 10:47	12791	9764	60.3	63	3038	10.4	29.8	7.4	25.2	42.9	81.1
2022-11-25 10:46	12794	9767	60.3	63	3039	10.4	29.8	7.4	25.2	42.8	81.1
2022-11-26 10:46	12794	9767	60.3	63	3039	10.4	29.8	7.4	25.2	42.8	81.1
2022-11-27 10:46	12796	9769	60.3	63	3040	10.4	29.8	7.3	25.2	42.8	81.1
2022-11-28 10:46	12810	9781	60.3	63	3042	10.3	29.8	7.4	25.2	42.8	81.1
2022-11-29 10:46	12813	9784	60.3	63	3042	10.3	29.8	7.4	25.2	42.8	81.1
2022-11-30 10:46	12827	9797	60.3	63	3047	10.3	29.8	7.4	25.2	42.8	81.1
2022-12-01 10:46	12835	9805	60.3	63	3054	10.3	29.8	7.4	25.2	42.9	81.1
2022-12-02 10:46	12840	9810	60.3	63	3055	10.3	29.8	7.4	25.2	42.9	81.1
2022-12-03 10:46	12843	9813	60.3	63	3057	10.3	29.8	7.4	25.2	42.9	81.1
2022-12-04 10:46	12843	9813	60.3	63	3057	10.3	29.8	7.4	25.2	42.9	81.1
2022-12-05 10:46	12850	9820	60.3	63	3058	10.3	29.8	7.4	25.2	42.9	81.1
2022-12-06 10:46	12857	9827	60.3	63	3061	10.3	29.8	7.4	25.2	42.9	81.1
2022-12-07 10:46	12865	9833	60.3	63	3065	10.3	29.8	7.4	25.2	42.9	81.1
2022-12-08 10:46	12879	9846	60.3	63	3067	10.3	29.8	7.4	25.2	42.9	81.1
2022-12-09 10:47	12884	9851	60.3	63	3069	10.3	29.9	7.4	25.2	42.9	81.1
2022-12-10 10:46	12894	9860	60.3	63	3072	10.3	29.8	7.4	25.2	42.8	81.2
2022-12-11 10:46	12897	9861	60.3	63	3072	10.3	29.8	7.4	25.2	42.8	81.2
2022-12-12 10:46	12907	9870	60.3	63	3076	10.3	29.8	7.5	25.2	42.9	81.2
2022-12-13 10:46	12916	9878	60.3	63	3078	10.3	29.8	7.5	25.2	42.9	81.2
2022-12-14 10:46	12924	9886	60.3	63	3081	10.3	29.8	7.5	25.2	42.9	81.2
2022-12-15 10:46	12932	9893	60.3	63	3082	10.3	29.8	7.5	25.3	42.9	81.2
2022-12-16 10:46	12944	9904	60.3	63	3088	10.3	29.8	7.5	25.3	42.9	81.2
